datetime,values
01/01/2017 00:00,283.9716667
01/01/2017 03:00,281.6758333
01/01/2017 06:00,281.3166667
01/01/2017 09:00,286.3238333
01/01/2017 12:00,287.1406667
01/01/2017 15:00,286.2875
01/01/2017 18:00,283.645
01/01/2017 21:00,282.34
02/01/2017 00:00,281.1616667
02/01/2017 03:00,280.4076667
02/01/2017 06:00,280.0948333
02/01/2017 09:00,282.8148333
02/01/2017 12:00,284.6265714
02/01/2017 15:00,284.0646667
02/01/2017 18:00,282.2361667
02/01/2017 21:00,281.3133333
03/01/2017 00:00,280.1268333
03/01/2017 03:00,278.3408333
03/01/2017 06:00,278.0058333
03/01/2017 09:00,279.2661667
03/01/2017 12:00,282.0075
03/01/2017 15:00,282.8818333
03/01/2017 18:00,278.8743333
03/01/2017 21:00,277.2893333
04/01/2017 00:00,276.5585
04/01/2017 03:00,275.856
04/01/2017 06:00,276.7841667
04/01/2017 09:00,278.5628333
04/01/2017 12:00,280.2538333
04/01/2017 15:00,280.6615
04/01/2017 18:00,278.2025
04/01/2017 21:00,277.2096667
05/01/2017 00:00,277.4278333
05/01/2017 03:00,275.7033333
05/01/2017 06:00,273.71
05/01/2017 09:00,276.8578333
05/01/2017 12:00,279.2763333
05/01/2017 15:00,279.4783333
05/01/2017 18:00,275.9566667
05/01/2017 21:00,276.3248333
06/01/2017 00:00,275.6031667
06/01/2017 03:00,274.3978333
06/01/2017 06:00,273.9666667
06/01/2017 09:00,278.2585
06/01/2017 12:00,281.0426667
06/01/2017 15:00,281.0075
06/01/2017 18:00,277.836
06/01/2017 21:00,276.6928333
07/01/2017 00:00,275.274
07/01/2017 03:00,276.6441667
07/01/2017 06:00,274.9371667
07/01/2017 09:00,278.4656667
07/01/2017 12:00,281.3431667
07/01/2017 15:00,281.9765
07/01/2017 18:00,278.5136667
07/01/2017 21:00,276.1741667
08/01/2017 00:00,275.077
08/01/2017 03:00,274.6285417
08/01/2017 06:00,274.395
08/01/2017 09:00,278.698
08/01/2017 12:00,281.2618333
08/01/2017 15:00,281.789
08/01/2017 18:00,278.3068333
08/01/2017 21:00,276.3236667
09/01/2017 00:00,275.9868333
09/01/2017 03:00,275.7516667
09/01/2017 06:00,275.5588333
09/01/2017 09:00,279.5253333
09/01/2017 12:00,282.0923333
09/01/2017 15:00,283.179
09/01/2017 18:00,280.9108333
09/01/2017 21:00,279.7228333
10/01/2017 00:00,278.1328333
10/01/2017 03:00,277.5545
10/01/2017 06:00,277.6985
10/01/2017 09:00,282.5173333
10/01/2017 12:00,284.0575
10/01/2017 15:00,283.7666667
10/01/2017 18:00,280.9195
10/01/2017 21:00,279.4988333
11/01/2017 00:00,278.9798333
11/01/2017 03:00,278.2835
11/01/2017 06:00,278.2835
11/01/2017 09:00,282.894
11/01/2017 12:00,283.7125
11/01/2017 15:00,284.243
11/01/2017 18:00,280.9241667
11/01/2017 21:00,278.7708333
12/01/2017 00:00,278.1423333
12/01/2017 03:00,277.1515
12/01/2017 06:00,276.3501667
12/01/2017 09:00,280.3276667
12/01/2017 12:00,284.2698333
12/01/2017 15:00,284.9178333
12/01/2017 18:00,279.651
12/01/2017 21:00,277.7698333
13/01/2017 00:00,276.434
13/01/2017 03:00,275.7593333
13/01/2017 06:00,274.7021667
13/01/2017 09:00,277.501
13/01/2017 12:00,278.9581667
13/01/2017 15:00,279.9285
13/01/2017 18:00,277.3156667
13/01/2017 21:00,276.4161667
14/01/2017 00:00,274.4165
14/01/2017 03:00,275.2096667
14/01/2017 06:00,274.5618333
14/01/2017 09:00,276.5833333
14/01/2017 12:00,278.991
14/01/2017 15:00,279.3233333
14/01/2017 18:00,276.6855
14/01/2017 21:00,275.5521667
15/01/2017 00:00,273.7716667
15/01/2017 03:00,273.2075
15/01/2017 06:00,272.517
15/01/2017 09:00,276.546
15/01/2017 12:00,277.4458333
15/01/2017 15:00,277.2458333
15/01/2017 18:00,275.75
15/01/2017 21:00,275.18
16/01/2017 00:00,275.3391667
16/01/2017 03:00,274.0391667
16/01/2017 06:00,273.8991667
16/01/2017 09:00,277.0651667
16/01/2017 12:00,278.1331667
16/01/2017 15:00,280.5876667
16/01/2017 18:00,279.1828333
16/01/2017 21:00,277.2048333
17/01/2017 00:00,275.4465
17/01/2017 03:00,275.1491667
17/01/2017 06:00,274.9116667
17/01/2017 09:00,279.442
17/01/2017 12:00,280.7968333
17/01/2017 15:00,281.8468333
17/01/2017 18:00,278.89
17/01/2017 21:00,277.3078333
18/01/2017 00:00,276.68
18/01/2017 03:00,276.1253333
18/01/2017 06:00,275.5476667
18/01/2017 09:00,278.3806667
18/01/2017 12:00,281.1441667
18/01/2017 15:00,281.645
18/01/2017 18:00,279.566
18/01/2017 21:00,277.143
19/01/2017 00:00,276.3285
19/01/2017 03:00,275.8231667
19/01/2017 06:00,275.8978333
19/01/2017 09:00,279.6721667
19/01/2017 12:00,280.9841667
19/01/2017 15:00,281.3945
19/01/2017 18:00,279.284
19/01/2017 21:00,277.5651667
20/01/2017 00:00,276.9596667
20/01/2017 03:00,276.335
20/01/2017 06:00,276.2241667
20/01/2017 09:00,279.289
20/01/2017 12:00,281.3846667
20/01/2017 15:00,281.6483333
20/01/2017 18:00,279.3678333
20/01/2017 21:00,278.2031667
21/01/2017 00:00,278.0206667
21/01/2017 03:00,276.2433333
21/01/2017 06:00,276.2733333
21/01/2017 09:00,277.8418333
21/01/2017 12:00,278.2708333
21/01/2017 15:00,278.3601667
21/01/2017 18:00,278.3626667
21/01/2017 21:00,277.2793333
22/01/2017 00:00,276.5606667
22/01/2017 03:00,275.8241667
22/01/2017 06:00,275.6568333
22/01/2017 09:00,278.5386667
22/01/2017 12:00,280.5591667
22/01/2017 15:00,281.7453333
22/01/2017 18:00,278.5618333
22/01/2017 21:00,276.6746667
23/01/2017 00:00,276.5836667
23/01/2017 03:00,274.6091667
23/01/2017 06:00,273.6891667
23/01/2017 09:00,276.981
23/01/2017 12:00,278.9581667
23/01/2017 15:00,278.9
23/01/2017 18:00,276.6778333
23/01/2017 21:00,276.1946667
24/01/2017 00:00,275.9485
24/01/2017 03:00,275.0911667
24/01/2017 06:00,271.6486667
24/01/2017 09:00,272.6051667
24/01/2017 12:00,273.5525
24/01/2017 15:00,274.9451667
24/01/2017 18:00,273.651
24/01/2017 21:00,272.6641667
25/01/2017 00:00,272.7435
25/01/2017 03:00,272.3306667
25/01/2017 06:00,271.8325
25/01/2017 09:00,275.5783333
25/01/2017 12:00,277.6445
25/01/2017 15:00,279.1688333
25/01/2017 18:00,276.8335
25/01/2017 21:00,277.4321667
26/01/2017 00:00,277.758
26/01/2017 03:00,277.9186667
26/01/2017 06:00,278.5108333
26/01/2017 09:00,278.838
26/01/2017 12:00,279.3233333
26/01/2017 15:00,281.4486667
26/01/2017 18:00,279.053
26/01/2017 21:00,279.269
27/01/2017 00:00,280.5515
27/01/2017 03:00,274.9866667
27/01/2017 06:00,275.663
27/01/2017 09:00,275.7751667
27/01/2017 12:00,275.5553333
27/01/2017 15:00,275.819
27/01/2017 18:00,274.6556667
27/01/2017 21:00,274.9816667
28/01/2017 00:00,274.7015
28/01/2017 03:00,275.3081667
28/01/2017 06:00,274.7891667
28/01/2017 09:00,277.5668333
28/01/2017 12:00,279.2651667
28/01/2017 15:00,279.7823333
28/01/2017 18:00,277.9593333
28/01/2017 21:00,277.8601667
29/01/2017 00:00,275.2666667
29/01/2017 03:00,275.4973333
29/01/2017 06:00,275.9055
29/01/2017 09:00,276.4475
29/01/2017 12:00,276.7691667
29/01/2017 15:00,277.0403333
29/01/2017 18:00,273.173
29/01/2017 21:00,272.1896667
30/01/2017 00:00,270.9636667
30/01/2017 03:00,270.8608333
30/01/2017 06:00,270.0908333
30/01/2017 09:00,272.8591667
30/01/2017 12:00,276.3173333
30/01/2017 15:00,278.1493333
30/01/2017 18:00,274.8908333
30/01/2017 21:00,275.9541667
31/01/2017 00:00,275.8066667
31/01/2017 03:00,273.9641667
31/01/2017 06:00,272.5091667
31/01/2017 09:00,275.8176667
31/01/2017 12:00,278.6458333
31/01/2017 15:00,277.83
31/01/2017 18:00,276.4508333
31/01/2017 21:00,276.5458333
01/02/2017 00:00,276.7916667
01/02/2017 03:00,276.165
01/02/2017 06:00,276.4358333
01/02/2017 09:00,277.5491667
01/02/2017 12:00,277.8991667
01/02/2017 15:00,277.685
01/02/2017 18:00,276.5875
01/02/2017 21:00,275.2291667
02/02/2017 00:00,276.11
02/02/2017 03:00,276.1675
02/02/2017 06:00,274.9733333
02/02/2017 09:00,271.4025
02/02/2017 12:00,276.4101667
02/02/2017 15:00,274.0816667
02/02/2017 18:00,273.6016667
02/02/2017 21:00,271.7991667
03/02/2017 00:00,270.4598333
03/02/2017 03:00,269.335
03/02/2017 06:00,268.659
03/02/2017 09:00,273.7025
03/02/2017 12:00,275.28
03/02/2017 15:00,276.2193333
03/02/2017 18:00,273.125
03/02/2017 21:00,273.17
04/02/2017 00:00,271.9525
04/02/2017 03:00,271.865
04/02/2017 06:00,270.3816667
04/02/2017 09:00,272.4501667
04/02/2017 12:00,274.9965
04/02/2017 15:00,276.4753333
04/02/2017 18:00,274.3541667
04/02/2017 21:00,274.2068333
05/02/2017 00:00,273.0191667
05/02/2017 03:00,271.8648333
05/02/2017 06:00,271.01
05/02/2017 09:00,275.3538333
05/02/2017 12:00,277.2396667
05/02/2017 15:00,278.0541667
05/02/2017 18:00,276.3841667
05/02/2017 21:00,275.1056667
06/02/2017 00:00,274.655
06/02/2017 03:00,273.8465
06/02/2017 06:00,273.0416667
06/02/2017 09:00,277.4378333
06/02/2017 12:00,280.2561667
06/02/2017 15:00,281.6545
06/02/2017 18:00,278.1256667
06/02/2017 21:00,277.6396667
07/02/2017 00:00,275.9121667
07/02/2017 03:00,274.0621667
07/02/2017 06:00,273.2943333
07/02/2017 09:00,278.1775
07/02/2017 12:00,280.7108333
07/02/2017 15:00,281.9065
07/02/2017 18:00,279.2016667
07/02/2017 21:00,278.3983333
08/02/2017 00:00,277.05
08/02/2017 03:00,276.7186667
08/02/2017 06:00,275.8651667
08/02/2017 09:00,280.121
08/02/2017 12:00,282.4863333
08/02/2017 15:00,282.8418333
08/02/2017 18:00,280.5391667
08/02/2017 21:00,278.363
09/02/2017 00:00,277.5661667
09/02/2017 03:00,276.533
09/02/2017 06:00,276.8471667
09/02/2017 09:00,279.2696667
09/02/2017 12:00,281.3706667
09/02/2017 15:00,281.6911667
09/02/2017 18:00,277.6608333
09/02/2017 21:00,275.845
10/02/2017 00:00,275.5006667
10/02/2017 03:00,275.859
10/02/2017 06:00,275.6981667
10/02/2017 09:00,276.2738333
10/02/2017 12:00,280.0543333
10/02/2017 15:00,282.3195
10/02/2017 18:00,279.2738333
10/02/2017 21:00,278.3615
11/02/2017 00:00,276.7701667
11/02/2017 03:00,276.1846667
11/02/2017 06:00,274.9023333
11/02/2017 09:00,276.0376667
11/02/2017 12:00,276.121
11/02/2017 15:00,276.6315
11/02/2017 18:00,275.4431667
11/02/2017 21:00,275.6805
12/02/2017 00:00,273.9676667
12/02/2017 03:00,278.3006667
12/02/2017 06:00,273.7888333
12/02/2017 09:00,280.9176667
12/02/2017 12:00,282.545
12/02/2017 15:00,282.4356667
12/02/2017 18:00,277.7196667
12/02/2017 21:00,276.251
13/02/2017 00:00,276.867
13/02/2017 03:00,276.463
13/02/2017 06:00,273.7518333
13/02/2017 09:00,275.3701667
13/02/2017 12:00,276.2273333
13/02/2017 15:00,277.5976667
13/02/2017 18:00,276.7226667
13/02/2017 21:00,276.6018333
14/02/2017 00:00,276.7643333
14/02/2017 03:00,276.0673333
14/02/2017 06:00,276.1926667
14/02/2017 09:00,277.788
14/02/2017 12:00,280.1663333
14/02/2017 15:00,282.4175
14/02/2017 18:00,279.2223333
14/02/2017 21:00,277.972
15/02/2017 00:00,277.0673333
15/02/2017 03:00,276.7088333
15/02/2017 06:00,278.0316667
15/02/2017 09:00,280.5061667
15/02/2017 12:00,282.0913333
15/02/2017 15:00,282.9296667
15/02/2017 18:00,281.337
15/02/2017 21:00,281.0976667
16/02/2017 00:00,281.5956667
16/02/2017 03:00,281.1041667
16/02/2017 06:00,279.2898333
16/02/2017 09:00,282.5368333
16/02/2017 12:00,284.341
16/02/2017 15:00,284.7396226
16/02/2017 18:00,
16/02/2017 21:00,280.1023333
17/02/2017 00:00,278.5373333
17/02/2017 03:00,277.5293333
17/02/2017 06:00,275.4865
17/02/2017 09:00,279.1126667
17/02/2017 12:00,280.5575
17/02/2017 15:00,278.1531667
17/02/2017 18:00,276.7811667
17/02/2017 21:00,275.6036667
18/02/2017 00:00,273.4053333
18/02/2017 03:00,272.9
18/02/2017 06:00,270.3136667
18/02/2017 09:00,271.0593333
18/02/2017 12:00,274.5133333
18/02/2017 15:00,275.3638333
18/02/2017 18:00,273.4206667
18/02/2017 21:00,272.4968333
19/02/2017 00:00,271.2615
19/02/2017 03:00,270.3361667
19/02/2017 06:00,269.8733333
19/02/2017 09:00,273.6568333
19/02/2017 12:00,275.851
19/02/2017 15:00,277.446
19/02/2017 18:00,275.2991667
19/02/2017 21:00,273.5718333
20/02/2017 00:00,272.0245
20/02/2017 03:00,271.2153333
20/02/2017 06:00,271.047
20/02/2017 09:00,275.4228333
20/02/2017 12:00,278.366
20/02/2017 15:00,280.3248333
20/02/2017 18:00,277.4193333
20/02/2017 21:00,275.2736667
21/02/2017 00:00,273.5211667
21/02/2017 03:00,273.2141667
21/02/2017 06:00,272.7483333
21/02/2017 09:00,277.639
21/02/2017 12:00,280.1128333
21/02/2017 15:00,280.946
21/02/2017 18:00,278.7808333
21/02/2017 21:00,276.2558333
22/02/2017 00:00,275.3493333
22/02/2017 03:00,274.5001667
22/02/2017 06:00,274.0943333
22/02/2017 09:00,279.1428333
22/02/2017 12:00,282.3583333
22/02/2017 15:00,282.9785455
22/02/2017 18:00,279.738
22/02/2017 21:00,278.76
23/02/2017 00:00,276.7511667
23/02/2017 03:00,275.62
23/02/2017 06:00,275.484
23/02/2017 09:00,280.861
23/02/2017 12:00,279.9573333
23/02/2017 15:00,281.598
23/02/2017 18:00,280.064
23/02/2017 21:00,278.7233333
24/02/2017 00:00,277.1165
24/02/2017 03:00,275.9583333
24/02/2017 06:00,275.0648333
24/02/2017 09:00,279.9326667
24/02/2017 12:00,283.3568333
24/02/2017 15:00,285.2573333
24/02/2017 18:00,282.6606667
24/02/2017 21:00,281.5781667
25/02/2017 00:00,279.858
25/02/2017 03:00,279.3718333
25/02/2017 06:00,278.6193333
25/02/2017 09:00,283.5468333
25/02/2017 12:00,285.77
25/02/2017 15:00,286.5205
25/02/2017 18:00,284.0005
25/02/2017 21:00,281.6486667
26/02/2017 00:00,280.622
26/02/2017 03:00,279.3265
26/02/2017 06:00,279.4343333
26/02/2017 09:00,285.0833333
26/02/2017 12:00,287.2565
26/02/2017 15:00,288.503
26/02/2017 18:00,284.881
26/02/2017 21:00,282.8645
27/02/2017 00:00,280.535
27/02/2017 03:00,280.0013333
27/02/2017 06:00,279.5143333
27/02/2017 09:00,284.3983333
27/02/2017 12:00,284.9478333
27/02/2017 15:00,285.8155
27/02/2017 18:00,283.8535
27/02/2017 21:00,281.865
28/02/2017 00:00,280.6483333
28/02/2017 03:00,280.015
28/02/2017 06:00,279.3031667
28/02/2017 09:00,284.9926667
28/02/2017 12:00,287.1535
28/02/2017 15:00,288.4493333
28/02/2017 18:00,285.6866667
28/02/2017 21:00,284.132
01/03/2017 00:00,282.6098333
01/03/2017 03:00,280.216
01/03/2017 06:00,279.6121667
01/03/2017 09:00,284.4671667
01/03/2017 12:00,286.9341667
01/03/2017 15:00,288.2693333
01/03/2017 18:00,285.7425
01/03/2017 21:00,282.9951667
02/03/2017 00:00,281.8821667
02/03/2017 03:00,282.4773333
02/03/2017 06:00,281.5921667
02/03/2017 09:00,285.9018333
02/03/2017 12:00,286.6611667
02/03/2017 15:00,285.5178333
02/03/2017 18:00,284.4305
02/03/2017 21:00,284.5351667
03/03/2017 00:00,284.1646667
03/03/2017 03:00,282.8126667
03/03/2017 06:00,282.812
03/03/2017 09:00,285.6283333
03/03/2017 12:00,283.5691667
03/03/2017 15:00,282.5441667
03/03/2017 18:00,282.5758333
03/03/2017 21:00,282.9246667
04/03/2017 00:00,281.3568333
04/03/2017 03:00,280.5618333
04/03/2017 06:00,280.0875
04/03/2017 09:00,285.2941667
04/03/2017 12:00,287.3645
04/03/2017 15:00,287.2041667
04/03/2017 18:00,285.5773333
04/03/2017 21:00,280.2763333
05/03/2017 00:00,280.9901667
05/03/2017 03:00,280.8878333
05/03/2017 06:00,280.4805
05/03/2017 09:00,284.1171667
05/03/2017 12:00,286.4296667
05/03/2017 15:00,287.3011667
05/03/2017 18:00,283.0751667
05/03/2017 21:00,281.0601667
06/03/2017 00:00,279.2753333
06/03/2017 03:00,276.8833333
06/03/2017 06:00,274.2466667
06/03/2017 09:00,274.04
06/03/2017 12:00,276.3176667
06/03/2017 15:00,278.1525
06/03/2017 18:00,277.5583333
06/03/2017 21:00,277.8683333
07/03/2017 00:00,278.3016667
07/03/2017 03:00,277.6748333
07/03/2017 06:00,278.3058333
07/03/2017 09:00,279.61
07/03/2017 12:00,279.7646667
07/03/2017 15:00,277.8533333
07/03/2017 18:00,278.7325
07/03/2017 21:00,278.2558333
08/03/2017 00:00,278.2516667
08/03/2017 03:00,277.1816667
08/03/2017 06:00,277.1483333
08/03/2017 09:00,282.1093333
08/03/2017 12:00,278.269
08/03/2017 15:00,282.9116667
08/03/2017 18:00,280.7268333
08/03/2017 21:00,279.6675
09/03/2017 00:00,279.1733333
09/03/2017 03:00,278.5725
09/03/2017 06:00,278.6216667
09/03/2017 09:00,282.9385
09/03/2017 12:00,282.408
09/03/2017 15:00,283.8495
09/03/2017 18:00,282.026
09/03/2017 21:00,281.7811667
10/03/2017 00:00,280.1268333
10/03/2017 03:00,279.5741667
10/03/2017 06:00,279.1305
10/03/2017 09:00,282.272
10/03/2017 12:00,284.2498333
10/03/2017 15:00,286.0086667
10/03/2017 18:00,283.9308333
10/03/2017 21:00,281.9518333
11/03/2017 00:00,280.9626667
11/03/2017 03:00,280.4141667
11/03/2017 06:00,279.6195
11/03/2017 09:00,283.7758333
11/03/2017 12:00,285.0691667
11/03/2017 15:00,284.6248333
11/03/2017 18:00,281.1358333
11/03/2017 21:00,282.6608333
12/03/2017 00:00,282.8263333
12/03/2017 03:00,279.109
12/03/2017 06:00,277.3431667
12/03/2017 09:00,282.6833333
12/03/2017 12:00,286.7623333
12/03/2017 15:00,288.3625
12/03/2017 18:00,285.8185
12/03/2017 21:00,284.1453333
13/03/2017 00:00,283.016
13/03/2017 03:00,282.3113333
13/03/2017 06:00,281.9163333
13/03/2017 09:00,285.522
13/03/2017 12:00,286.3358333
13/03/2017 15:00,285.2371667
13/03/2017 18:00,282.9005
13/03/2017 21:00,283.1133333
14/03/2017 00:00,278.2788333
14/03/2017 03:00,279.0165
14/03/2017 06:00,279.8316667
14/03/2017 09:00,282.4656667
14/03/2017 12:00,285.6225
14/03/2017 15:00,286.5331667
14/03/2017 18:00,284.4321667
14/03/2017 21:00,283.366
15/03/2017 00:00,282.025
15/03/2017 03:00,281.0658333
15/03/2017 06:00,279.6903333
15/03/2017 09:00,283.8191667
15/03/2017 12:00,286.5835
15/03/2017 15:00,288.2296667
15/03/2017 18:00,285.6523333
15/03/2017 21:00,283.87
16/03/2017 00:00,283.2878333
16/03/2017 03:00,282.3388333
16/03/2017 06:00,281.8326667
16/03/2017 09:00,287.1301667
16/03/2017 12:00,288.6763333
16/03/2017 15:00,288.9281667
16/03/2017 18:00,288.3473333
16/03/2017 21:00,285.4406667
17/03/2017 00:00,279.6428333
17/03/2017 03:00,280.6658333
17/03/2017 06:00,281.9906667
17/03/2017 09:00,285.2146875
17/03/2017 12:00,286.9425
17/03/2017 15:00,288.437
17/03/2017 18:00,286.5451667
17/03/2017 21:00,
18/03/2017 00:00,
18/03/2017 03:00,
18/03/2017 06:00,
18/03/2017 09:00,
18/03/2017 12:00,
18/03/2017 15:00,
18/03/2017 18:00,
18/03/2017 21:00,
19/03/2017 00:00,
19/03/2017 03:00,
19/03/2017 06:00,
19/03/2017 09:00,
19/03/2017 12:00,
19/03/2017 15:00,
19/03/2017 18:00,
19/03/2017 21:00,
20/03/2017 00:00,
20/03/2017 03:00,
20/03/2017 06:00,
20/03/2017 09:00,
20/03/2017 12:00,
20/03/2017 15:00,
20/03/2017 18:00,
20/03/2017 21:00,
21/03/2017 00:00,
21/03/2017 03:00,
21/03/2017 06:00,
21/03/2017 09:00,
21/03/2017 12:00,
21/03/2017 15:00,
21/03/2017 18:00,
21/03/2017 21:00,
22/03/2017 00:00,
22/03/2017 03:00,
22/03/2017 06:00,
22/03/2017 09:00,
22/03/2017 12:00,
22/03/2017 15:00,
22/03/2017 18:00,
22/03/2017 21:00,
23/03/2017 00:00,
23/03/2017 03:00,
23/03/2017 06:00,
23/03/2017 09:00,
23/03/2017 12:00,
23/03/2017 15:00,
23/03/2017 18:00,
23/03/2017 21:00,
24/03/2017 00:00,
24/03/2017 03:00,
24/03/2017 06:00,
24/03/2017 09:00,
24/03/2017 12:00,
24/03/2017 15:00,
24/03/2017 18:00,
24/03/2017 21:00,
25/03/2017 00:00,
25/03/2017 03:00,
25/03/2017 06:00,
25/03/2017 09:00,
25/03/2017 12:00,
25/03/2017 15:00,
25/03/2017 18:00,
25/03/2017 21:00,
26/03/2017 00:00,
26/03/2017 03:00,
26/03/2017 06:00,
26/03/2017 09:00,
26/03/2017 12:00,
26/03/2017 15:00,
26/03/2017 18:00,
26/03/2017 21:00,
27/03/2017 00:00,
27/03/2017 03:00,
27/03/2017 06:00,
27/03/2017 09:00,
27/03/2017 12:00,
27/03/2017 15:00,
27/03/2017 18:00,
27/03/2017 21:00,
28/03/2017 00:00,
28/03/2017 03:00,
28/03/2017 06:00,
28/03/2017 09:00,
28/03/2017 12:00,
28/03/2017 15:00,
28/03/2017 18:00,
28/03/2017 21:00,
29/03/2017 00:00,
29/03/2017 03:00,
29/03/2017 06:00,
29/03/2017 09:00,
29/03/2017 12:00,
29/03/2017 15:00,
29/03/2017 18:00,
29/03/2017 21:00,
30/03/2017 00:00,
30/03/2017 03:00,
30/03/2017 06:00,
30/03/2017 09:00,
30/03/2017 12:00,
30/03/2017 15:00,
30/03/2017 18:00,
30/03/2017 21:00,
31/03/2017 00:00,
31/03/2017 03:00,
31/03/2017 06:00,
31/03/2017 09:00,
31/03/2017 12:00,
31/03/2017 15:00,
31/03/2017 18:00,
31/03/2017 21:00,
01/04/2017 00:00,
01/04/2017 03:00,
01/04/2017 06:00,
01/04/2017 09:00,
01/04/2017 12:00,
01/04/2017 15:00,
01/04/2017 18:00,
01/04/2017 21:00,
02/04/2017 00:00,
02/04/2017 03:00,
02/04/2017 06:00,
02/04/2017 09:00,
02/04/2017 12:00,
02/04/2017 15:00,
02/04/2017 18:00,
02/04/2017 21:00,
03/04/2017 00:00,
03/04/2017 03:00,
03/04/2017 06:00,
03/04/2017 09:00,
03/04/2017 12:00,
03/04/2017 15:00,
03/04/2017 18:00,
03/04/2017 21:00,
04/04/2017 00:00,
04/04/2017 03:00,
04/04/2017 06:00,
04/04/2017 09:00,
04/04/2017 12:00,
04/04/2017 15:00,
04/04/2017 18:00,
04/04/2017 21:00,
05/04/2017 00:00,
05/04/2017 03:00,
05/04/2017 06:00,
05/04/2017 09:00,
05/04/2017 12:00,
05/04/2017 15:00,
05/04/2017 18:00,
05/04/2017 21:00,
06/04/2017 00:00,
06/04/2017 03:00,
06/04/2017 06:00,
06/04/2017 09:00,
06/04/2017 12:00,
06/04/2017 15:00,
06/04/2017 18:00,
06/04/2017 21:00,
07/04/2017 00:00,
07/04/2017 03:00,
07/04/2017 06:00,
07/04/2017 09:00,
07/04/2017 12:00,
07/04/2017 15:00,
07/04/2017 18:00,
07/04/2017 21:00,
08/04/2017 00:00,
08/04/2017 03:00,
08/04/2017 06:00,
08/04/2017 09:00,
08/04/2017 12:00,
08/04/2017 15:00,
08/04/2017 18:00,
08/04/2017 21:00,
09/04/2017 00:00,
09/04/2017 03:00,
09/04/2017 06:00,
09/04/2017 09:00,
09/04/2017 12:00,
09/04/2017 15:00,
09/04/2017 18:00,
09/04/2017 21:00,
10/04/2017 00:00,289.1213333
10/04/2017 03:00,288.7966667
10/04/2017 06:00,289.48
10/04/2017 09:00,289.6873333
10/04/2017 12:00,292.8301667
10/04/2017 15:00,290.8925
10/04/2017 18:00,289.4178333
10/04/2017 21:00,288.7185
11/04/2017 00:00,287.3961667
11/04/2017 03:00,286.1838333
11/04/2017 06:00,287.1823333
11/04/2017 09:00,293.2058333
11/04/2017 12:00,295.5046667
11/04/2017 15:00,292.3743333
11/04/2017 18:00,291.5545
11/04/2017 21:00,291.5285
12/04/2017 00:00,291.113
12/04/2017 03:00,290.339
12/04/2017 06:00,288.8261667
12/04/2017 09:00,287.8463333
12/04/2017 12:00,289.8125
12/04/2017 15:00,289.2821667
12/04/2017 18:00,289.6528333
12/04/2017 21:00,288.8675
13/04/2017 00:00,287.7096667
13/04/2017 03:00,287.0786667
13/04/2017 06:00,287.928
13/04/2017 09:00,293.6965
13/04/2017 12:00,295.7743333
13/04/2017 15:00,297.1041667
13/04/2017 18:00,294.7883333
13/04/2017 21:00,292.2335
14/04/2017 00:00,292.6546667
14/04/2017 03:00,292.3891667
14/04/2017 06:00,292.2856667
14/04/2017 09:00,297.2536667
14/04/2017 12:00,297.9198333
14/04/2017 15:00,298.3178333
14/04/2017 18:00,296.5393333
14/04/2017 21:00,295.1291667
15/04/2017 00:00,
15/04/2017 03:00,
15/04/2017 06:00,
15/04/2017 09:00,
15/04/2017 12:00,
15/04/2017 15:00,
15/04/2017 18:00,
15/04/2017 21:00,
16/04/2017 00:00,
16/04/2017 03:00,
16/04/2017 06:00,
16/04/2017 09:00,288.5033333
16/04/2017 12:00,291.659
16/04/2017 15:00,293.59
16/04/2017 18:00,292.353
16/04/2017 21:00,288.5816667
17/04/2017 00:00,288.17
17/04/2017 03:00,285.8201667
17/04/2017 06:00,286.7405
17/04/2017 09:00,290.6928333
17/04/2017 12:00,293.5725
17/04/2017 15:00,295.4858333
17/04/2017 18:00,293.5073333
17/04/2017 21:00,290.43
18/04/2017 00:00,289.4371667
18/04/2017 03:00,288.176
18/04/2017 06:00,289.0106667
18/04/2017 09:00,294.4548333
18/04/2017 12:00,296.1413333
18/04/2017 15:00,297.4021667
18/04/2017 18:00,294.9923333
18/04/2017 21:00,292.0103333
19/04/2017 00:00,291.446
19/04/2017 03:00,290.5578333
19/04/2017 06:00,286.9503333
19/04/2017 09:00,290.3471667
19/04/2017 12:00,292.2495
19/04/2017 15:00,293.578
19/04/2017 18:00,
19/04/2017 21:00,289.9285
20/04/2017 00:00,286.9831667
20/04/2017 03:00,285.7373333
20/04/2017 06:00,286.475
20/04/2017 09:00,290.9051667
20/04/2017 12:00,293.4893333
20/04/2017 15:00,295.0775
20/04/2017 18:00,292.6593333
20/04/2017 21:00,289.5658333
21/04/2017 00:00,288.4771667
21/04/2017 03:00,289.2651667
21/04/2017 06:00,288.5296667
21/04/2017 09:00,291.0668333
21/04/2017 12:00,293.5333333
21/04/2017 15:00,295.202
21/04/2017 18:00,293.1401667
21/04/2017 21:00,290.015
22/04/2017 00:00,288.9605
22/04/2017 03:00,288.0441667
22/04/2017 06:00,289.2771667
22/04/2017 09:00,292.843
22/04/2017 12:00,295.8381667
22/04/2017 15:00,298.5945
22/04/2017 18:00,296.3125
22/04/2017 21:00,293.2773333
23/04/2017 00:00,290.6785
23/04/2017 03:00,291.6901667
23/04/2017 06:00,293.1218333
23/04/2017 09:00,297.6825
23/04/2017 12:00,299.0516667
23/04/2017 15:00,299.8298333
23/04/2017 18:00,298.1813333
23/04/2017 21:00,295.7705
24/04/2017 00:00,293.9021667
24/04/2017 03:00,293.0608333
24/04/2017 06:00,292.9483333
24/04/2017 09:00,296.588
24/04/2017 12:00,298.267
24/04/2017 15:00,298.6413333
24/04/2017 18:00,291.4236667
24/04/2017 21:00,292.6276667
25/04/2017 00:00,289.785
25/04/2017 03:00,288.1798333
25/04/2017 06:00,290.2361667
25/04/2017 09:00,291.6998333
25/04/2017 12:00,297.4016667
25/04/2017 15:00,295.8485
25/04/2017 18:00,
25/04/2017 21:00,
26/04/2017 00:00,
26/04/2017 03:00,
26/04/2017 06:00,
26/04/2017 09:00,
26/04/2017 12:00,
26/04/2017 15:00,
26/04/2017 18:00,
26/04/2017 21:00,
27/04/2017 00:00,
27/04/2017 03:00,
27/04/2017 06:00,
27/04/2017 09:00,
27/04/2017 12:00,
27/04/2017 15:00,
27/04/2017 18:00,
27/04/2017 21:00,
28/04/2017 00:00,
28/04/2017 03:00,
28/04/2017 06:00,
28/04/2017 09:00,
28/04/2017 12:00,
28/04/2017 15:00,
28/04/2017 18:00,
28/04/2017 21:00,
29/04/2017 00:00,
29/04/2017 03:00,
29/04/2017 06:00,
29/04/2017 09:00,285.0838333
29/04/2017 12:00,292.6463333
29/04/2017 15:00,294.3886667
29/04/2017 18:00,290.8235
29/04/2017 21:00,288.693
30/04/2017 00:00,289.8511667
30/04/2017 03:00,286.2971667
30/04/2017 06:00,284.4723333
30/04/2017 09:00,290.8078333
30/04/2017 12:00,295.5905
30/04/2017 15:00,296.1758333
30/04/2017 18:00,293.8225
30/04/2017 21:00,291.9353333
01/05/2017 00:00,290.923
01/05/2017 03:00,289.5681667
01/05/2017 06:00,290.5911667
01/05/2017 09:00,294.7036667
01/05/2017 12:00,296.9546667
01/05/2017 15:00,297.7791667
01/05/2017 18:00,295.3525
01/05/2017 21:00,293.663
02/05/2017 00:00,290.9446667
02/05/2017 03:00,289.9653333
02/05/2017 06:00,291.1596667
02/05/2017 09:00,296.0456667
02/05/2017 12:00,297.8843333
02/05/2017 15:00,298.7723333
02/05/2017 18:00,296.4926667
02/05/2017 21:00,294.102
03/05/2017 00:00,291.8511667
03/05/2017 03:00,289.4161667
03/05/2017 06:00,291.0033333
03/05/2017 09:00,294.3076667
03/05/2017 12:00,295.2151667
03/05/2017 15:00,291.3008333
03/05/2017 18:00,293.371
03/05/2017 21:00,286.9926667
04/05/2017 00:00,288.0918333
04/05/2017 03:00,287.9186667
04/05/2017 06:00,288.3113333
04/05/2017 09:00,286.2293333
04/05/2017 12:00,291.634
04/05/2017 15:00,294.0056667
04/05/2017 18:00,292.4221667
04/05/2017 21:00,291.086
05/05/2017 00:00,290.523
05/05/2017 03:00,289.2585
05/05/2017 06:00,291.014
05/05/2017 09:00,290.6283333
05/05/2017 12:00,
05/05/2017 15:00,
05/05/2017 18:00,
05/05/2017 21:00,
06/05/2017 00:00,
06/05/2017 03:00,
06/05/2017 06:00,
06/05/2017 09:00,289.5296667
06/05/2017 12:00,291.5933333
06/05/2017 15:00,292.2578333
06/05/2017 18:00,291.3665
06/05/2017 21:00,288.9938333
07/05/2017 00:00,287.605
07/05/2017 03:00,287.6443333
07/05/2017 06:00,289.8546667
07/05/2017 09:00,293.723
07/05/2017 12:00,295.2813333
07/05/2017 15:00,297.0283333
07/05/2017 18:00,295.7806667
07/05/2017 21:00,292.6266667
08/05/2017 00:00,291.5455
08/05/2017 03:00,289.5198333
08/05/2017 06:00,288.837
08/05/2017 09:00,292.97
08/05/2017 12:00,295.1983333
08/05/2017 15:00,297.1956667
08/05/2017 18:00,294.8786667
08/05/2017 21:00,291.8458333
09/05/2017 00:00,291.145
09/05/2017 03:00,290.1951667
09/05/2017 06:00,292.602
09/05/2017 09:00,297.1535
09/05/2017 12:00,299.5026667
09/05/2017 15:00,300.6995
09/05/2017 18:00,298.2548333
09/05/2017 21:00,294.46
10/05/2017 00:00,293.0641667
10/05/2017 03:00,290.6226667
10/05/2017 06:00,293.1893333
10/05/2017 09:00,298.0956667
10/05/2017 12:00,300.191
10/05/2017 15:00,300.6075
10/05/2017 18:00,298.6126667
10/05/2017 21:00,295.2913333
11/05/2017 00:00,293.6655
11/05/2017 03:00,292.1863333
11/05/2017 06:00,294.6411667
11/05/2017 09:00,299.9908333
11/05/2017 12:00,302.5595
11/05/2017 15:00,303.0665
11/05/2017 18:00,301.1271667
11/05/2017 21:00,297.898
12/05/2017 00:00,297.4528333
12/05/2017 03:00,297.7066667
12/05/2017 06:00,296.6233333
12/05/2017 09:00,301.1286667
12/05/2017 12:00,300.7206667
12/05/2017 15:00,299.9285
12/05/2017 18:00,295.2561667
12/05/2017 21:00,296.175
13/05/2017 00:00,295.7016667
13/05/2017 03:00,293.1186667
13/05/2017 06:00,295.0208333
13/05/2017 09:00,299.0308333
13/05/2017 12:00,300.0951064
13/05/2017 15:00,301.436
13/05/2017 18:00,299.6535
13/05/2017 21:00,295.0976667
14/05/2017 00:00,294.2686667
14/05/2017 03:00,292.0506667
14/05/2017 06:00,294.2255
14/05/2017 09:00,298.764
14/05/2017 12:00,300.7913333
14/05/2017 15:00,301.8148333
14/05/2017 18:00,299.8331667
14/05/2017 21:00,295.1585
15/05/2017 00:00,293.6273333
15/05/2017 03:00,292.5441667
15/05/2017 06:00,293.6378333
15/05/2017 09:00,298.1298333
15/05/2017 12:00,300.3208333
15/05/2017 15:00,301.3651667
15/05/2017 18:00,299.4793333
15/05/2017 21:00,296.3171667
16/05/2017 00:00,294.7265
16/05/2017 03:00,292.8518333
16/05/2017 06:00,295.2531667
16/05/2017 09:00,300.0205
16/05/2017 12:00,301.9368333
16/05/2017 15:00,303.4048333
16/05/2017 18:00,301.3793333
16/05/2017 21:00,297.4073333
17/05/2017 00:00,294.8398333
17/05/2017 03:00,292.6958333
17/05/2017 06:00,294.0711667
17/05/2017 09:00,299.345
17/05/2017 12:00,301.3566667
17/05/2017 15:00,302.1798333
17/05/2017 18:00,300.1298333
17/05/2017 21:00,296.4441667
18/05/2017 00:00,292.8313333
18/05/2017 03:00,292.3103333
18/05/2017 06:00,291.8775
18/05/2017 09:00,296.295
18/05/2017 12:00,298.6466667
18/05/2017 15:00,300.6571667
18/05/2017 18:00,299.0098333
18/05/2017 21:00,295.1385
19/05/2017 00:00,295.3775
19/05/2017 03:00,294.1988333
19/05/2017 06:00,295.3528333
19/05/2017 09:00,300.096
19/05/2017 12:00,302.6515
19/05/2017 15:00,303.6401667
19/05/2017 18:00,301.615
19/05/2017 21:00,297.221
20/05/2017 00:00,296.3976667
20/05/2017 03:00,296.2193333
20/05/2017 06:00,298.0901667
20/05/2017 09:00,302.3121667
20/05/2017 12:00,304.3796667
20/05/2017 15:00,305.1428333
20/05/2017 18:00,302.9905
20/05/2017 21:00,300.1215
21/05/2017 00:00,299.1765
21/05/2017 03:00,297.692
21/05/2017 06:00,297.583
21/05/2017 09:00,302.322
21/05/2017 12:00,302.0628333
21/05/2017 15:00,302.3305
21/05/2017 18:00,295.9936667
21/05/2017 21:00,295.2518333
22/05/2017 00:00,292.9535
22/05/2017 03:00,290.0788333
22/05/2017 06:00,291.4648333
22/05/2017 09:00,295.5571186
22/05/2017 12:00,298.6748333
22/05/2017 15:00,300.1415
22/05/2017 18:00,298.5401667
22/05/2017 21:00,295.374
23/05/2017 00:00,292.7558333
23/05/2017 03:00,291.3865
23/05/2017 06:00,293.8031667
23/05/2017 09:00,299.6028333
23/05/2017 12:00,301.9465
23/05/2017 15:00,301.7155
23/05/2017 18:00,299.8983333
23/05/2017 21:00,295.3786667
24/05/2017 00:00,294.081
24/05/2017 03:00,293.452
24/05/2017 06:00,294.548
24/05/2017 09:00,300.9468333
24/05/2017 12:00,302.7291667
24/05/2017 15:00,303.3888333
24/05/2017 18:00,301.787
24/05/2017 21:00,299.3418333
25/05/2017 00:00,297.1021667
25/05/2017 03:00,294.0073333
25/05/2017 06:00,295.281
25/05/2017 09:00,299.535
25/05/2017 12:00,301.937
25/05/2017 15:00,302.7546667
25/05/2017 18:00,300.4786667
25/05/2017 21:00,295.9195
26/05/2017 00:00,293.9791667
26/05/2017 03:00,293.407
26/05/2017 06:00,295.809
26/05/2017 09:00,301.3563333
26/05/2017 12:00,303.4646667
26/05/2017 15:00,304.4488333
26/05/2017 18:00,302.222
26/05/2017 21:00,296.8165
27/05/2017 00:00,295.8613333
27/05/2017 03:00,295.3126667
27/05/2017 06:00,298.3718333
27/05/2017 09:00,303.0383333
27/05/2017 12:00,304.9753333
27/05/2017 15:00,305.105
27/05/2017 18:00,301.3428333
27/05/2017 21:00,298.4813333
28/05/2017 00:00,296.9141667
28/05/2017 03:00,295.2545
28/05/2017 06:00,297.691
28/05/2017 09:00,302.6238333
28/05/2017 12:00,305.0518333
28/05/2017 15:00,304.4753333
28/05/2017 18:00,303.3431667
28/05/2017 21:00,299.536
29/05/2017 00:00,298.5548333
29/05/2017 03:00,297.4713333
29/05/2017 06:00,297.1208333
29/05/2017 09:00,300.1095
29/05/2017 12:00,303.1366667
29/05/2017 15:00,305.001
29/05/2017 18:00,301.1723333
29/05/2017 21:00,298.7381667
30/05/2017 00:00,295.6761667
30/05/2017 03:00,294.0655
30/05/2017 06:00,295.8531667
30/05/2017 09:00,299.5641667
30/05/2017 12:00,301.9513333
30/05/2017 15:00,303.6363333
30/05/2017 18:00,301.7501667
30/05/2017 21:00,297.4793333
31/05/2017 00:00,296.1293333
31/05/2017 03:00,295.6936667
31/05/2017 06:00,298.838
31/05/2017 09:00,302.2298333
31/05/2017 12:00,304.3471667
31/05/2017 15:00,305.9845
31/05/2017 18:00,303.2781667
31/05/2017 21:00,297.9513333
01/06/2017 00:00,296.7561667
01/06/2017 03:00,294.7483333
01/06/2017 06:00,297.3211667
01/06/2017 09:00,301.716
01/06/2017 12:00,303.237
01/06/2017 15:00,304.5868333
01/06/2017 18:00,301.6651667
01/06/2017 21:00,296.6281667
02/06/2017 00:00,294.8141667
02/06/2017 03:00,292.3068333
02/06/2017 06:00,295.1161667
02/06/2017 09:00,299.5296667
02/06/2017 12:00,301.2965
02/06/2017 15:00,302.5376667
02/06/2017 18:00,300.6698333
02/06/2017 21:00,296.7373333
03/06/2017 00:00,293.0216667
03/06/2017 03:00,290.0626667
03/06/2017 06:00,292.9791667
03/06/2017 09:00,295.7588333
03/06/2017 12:00,298.8285
03/06/2017 15:00,300.4526667
03/06/2017 18:00,298.0918333
03/06/2017 21:00,294.496
04/06/2017 00:00,292.296
04/06/2017 03:00,290.7646667
04/06/2017 06:00,293.2765
04/06/2017 09:00,296.505
04/06/2017 12:00,298.8943333
04/06/2017 15:00,301.2588333
04/06/2017 18:00,299.6841667
04/06/2017 21:00,295.5303333
05/06/2017 00:00,295.2021667
05/06/2017 03:00,294.016
05/06/2017 06:00,296.4588333
05/06/2017 09:00,299.4895
05/06/2017 12:00,301.7586667
05/06/2017 15:00,303.443
05/06/2017 18:00,301.9715
05/06/2017 21:00,299.099
06/06/2017 00:00,296.5326667
06/06/2017 03:00,293.4908333
06/06/2017 06:00,296.0556667
06/06/2017 09:00,300.8291667
06/06/2017 12:00,302.2325
06/06/2017 15:00,303.4496667
06/06/2017 18:00,302.1575
06/06/2017 21:00,299.6863333
07/06/2017 00:00,296.3
07/06/2017 03:00,295.9696667
07/06/2017 06:00,298.4736667
07/06/2017 09:00,302.6935
07/06/2017 12:00,304.3101667
07/06/2017 15:00,305.4458333
07/06/2017 18:00,304.0886667
07/06/2017 21:00,299.6496667
08/06/2017 00:00,298.4543333
08/06/2017 03:00,298.0615
08/06/2017 06:00,299.9328333
08/06/2017 09:00,305.8005
08/06/2017 12:00,307.2736667
08/06/2017 15:00,307.8428333
08/06/2017 18:00,305.8621667
08/06/2017 21:00,300.858
09/06/2017 00:00,299.4043333
09/06/2017 03:00,297.5181667
09/06/2017 06:00,300.3248333
09/06/2017 09:00,302.6896667
09/06/2017 12:00,305.269
09/06/2017 15:00,307.3155
09/06/2017 18:00,305.7838333
09/06/2017 21:00,302.0623333
10/06/2017 00:00,300.4458333
10/06/2017 03:00,297.8033333
10/06/2017 06:00,299.4083333
10/06/2017 09:00,302.1813333
10/06/2017 12:00,304.8833333
10/06/2017 15:00,307.458
10/06/2017 18:00,306.245
10/06/2017 21:00,300.7721667
11/06/2017 00:00,298.6426667
11/06/2017 03:00,298.5143333
11/06/2017 06:00,299.7818333
11/06/2017 09:00,303.043
11/06/2017 12:00,306.2945
11/06/2017 15:00,308.3985
11/06/2017 18:00,306.4206667
11/06/2017 21:00,300.3163333
12/06/2017 00:00,298.4211667
12/06/2017 03:00,297.0405
12/06/2017 06:00,299.2418333
12/06/2017 09:00,304.3475
12/06/2017 12:00,306.9416667
12/06/2017 15:00,307.5993333
12/06/2017 18:00,305.717
12/06/2017 21:00,299.7401667
13/06/2017 00:00,297.5045
13/06/2017 03:00,296.197
13/06/2017 06:00,299.049
13/06/2017 09:00,301.9996667
13/06/2017 12:00,305.5855
13/06/2017 15:00,306.9118333
13/06/2017 18:00,305.1593333
13/06/2017 21:00,299.7556667
14/06/2017 00:00,297.7005
14/06/2017 03:00,296.5805
14/06/2017 06:00,298.74
14/06/2017 09:00,301.5118333
14/06/2017 12:00,304.2061667
14/06/2017 15:00,306.081
14/06/2017 18:00,305.0756667
14/06/2017 21:00,300.057
15/06/2017 00:00,299.3151667
15/06/2017 03:00,299.3003333
15/06/2017 06:00,301.7008333
15/06/2017 09:00,305.2925
15/06/2017 12:00,308.2888333
15/06/2017 15:00,310.2075
15/06/2017 18:00,307.1211667
15/06/2017 21:00,302.648
16/06/2017 00:00,300.0535
16/06/2017 03:00,298.3248333
16/06/2017 06:00,299.8476667
16/06/2017 09:00,304.1181667
16/06/2017 12:00,305.9968333
16/06/2017 15:00,307.4478333
16/06/2017 18:00,305.7828333
16/06/2017 21:00,299.8136667
17/06/2017 00:00,298.4683333
17/06/2017 03:00,296.476
17/06/2017 06:00,299.0445
17/06/2017 09:00,302.7408333
17/06/2017 12:00,305.5903333
17/06/2017 15:00,306.934
17/06/2017 18:00,304.43
17/06/2017 21:00,299.3991667
18/06/2017 00:00,297.5128333
18/06/2017 03:00,297.1931667
18/06/2017 06:00,297.8823333
18/06/2017 09:00,300.9348333
18/06/2017 12:00,304.1163333
18/06/2017 15:00,306.204
18/06/2017 18:00,304.7521667
18/06/2017 21:00,300.217
19/06/2017 00:00,299.0723333
19/06/2017 03:00,297.1028333
19/06/2017 06:00,300.0985
19/06/2017 09:00,305.1566667
19/06/2017 12:00,307.685
19/06/2017 15:00,307.7875
19/06/2017 18:00,306.122
19/06/2017 21:00,300.452
20/06/2017 00:00,299.9201667
20/06/2017 03:00,299.1723333
20/06/2017 06:00,301.583
20/06/2017 09:00,304.5118333
20/06/2017 12:00,307.832
20/06/2017 15:00,309.2486667
20/06/2017 18:00,307.1301667
20/06/2017 21:00,302.1488333
21/06/2017 00:00,300.1563333
21/06/2017 03:00,298.049
21/06/2017 06:00,300.5751667
21/06/2017 09:00,304.9108333
21/06/2017 12:00,308.1176667
21/06/2017 15:00,309.1625
21/06/2017 18:00,307.4905
21/06/2017 21:00,303.9538333
22/06/2017 00:00,300.2271667
22/06/2017 03:00,296.5205
22/06/2017 06:00,299.0264286
22/06/2017 09:00,303.8533333
22/06/2017 12:00,305.9356667
22/06/2017 15:00,307.3593333
22/06/2017 18:00,305.73
22/06/2017 21:00,301.4931667
23/06/2017 00:00,298.7738333
23/06/2017 03:00,295.2581667
23/06/2017 06:00,297.3711667
23/06/2017 09:00,300.3345
23/06/2017 12:00,303.9801667
23/06/2017 15:00,304.8008333
23/06/2017 18:00,303.1751667
23/06/2017 21:00,298.2455
24/06/2017 00:00,296.0756667
24/06/2017 03:00,294.9803333
24/06/2017 06:00,296.5013333
24/06/2017 09:00,299.9096667
24/06/2017 12:00,302.5448333
24/06/2017 15:00,304.3975
24/06/2017 18:00,303.3078333
24/06/2017 21:00,298.5295
25/06/2017 00:00,298.0645
25/06/2017 03:00,296.4566667
25/06/2017 06:00,299.3406667
25/06/2017 09:00,301.0596667
25/06/2017 12:00,304.6358333
25/06/2017 15:00,306.504
25/06/2017 18:00,304.5818333
25/06/2017 21:00,300.149
26/06/2017 00:00,299.4315
26/06/2017 03:00,297.5993333
26/06/2017 06:00,298.317
26/06/2017 09:00,300.5386667
26/06/2017 12:00,304.0683333
26/06/2017 15:00,306.0711667
26/06/2017 18:00,304.8403333
26/06/2017 21:00,300.4658333
27/06/2017 00:00,298.1408333
27/06/2017 03:00,295.6755
27/06/2017 06:00,296.8151667
27/06/2017 09:00,300.8191667
27/06/2017 12:00,304.0693333
27/06/2017 15:00,305.5981667
27/06/2017 18:00,304.4046667
27/06/2017 21:00,299.295
28/06/2017 00:00,299.5823333
28/06/2017 03:00,298.2131667
28/06/2017 06:00,300.2335
28/06/2017 09:00,303.6283333
28/06/2017 12:00,305.804
28/06/2017 15:00,307.7841667
28/06/2017 18:00,306.1433333
28/06/2017 21:00,300.7416667
29/06/2017 00:00,300.4775
29/06/2017 03:00,299.7316667
29/06/2017 06:00,301.3221667
29/06/2017 09:00,305.6725
29/06/2017 12:00,307.5735
29/06/2017 15:00,308.6941667
29/06/2017 18:00,307.1108333
29/06/2017 21:00,301.1748333
30/06/2017 00:00,300.6525
30/06/2017 03:00,299.5991667
30/06/2017 06:00,300.8051667
30/06/2017 09:00,305.3986667
30/06/2017 12:00,307.979
30/06/2017 15:00,309.4946667
30/06/2017 18:00,308.1241667
30/06/2017 21:00,300.9826667
01/07/2017 00:00,299.6476667
01/07/2017 03:00,298.4241667
01/07/2017 06:00,299.4835
01/07/2017 09:00,302.9258333
01/07/2017 12:00,305.159
01/07/2017 15:00,307.6616667
01/07/2017 18:00,306.7808333
01/07/2017 21:00,304.4291667
02/07/2017 00:00,299.04
02/07/2017 03:00,298.1433333
02/07/2017 06:00,299.025
02/07/2017 09:00,301.7735
02/07/2017 12:00,304.7976667
02/07/2017 15:00,306.8431667
02/07/2017 18:00,305.465
02/07/2017 21:00,301.5943333
03/07/2017 00:00,299.5875
03/07/2017 03:00,298.5048333
03/07/2017 06:00,299.8651667
03/07/2017 09:00,303.7061667
03/07/2017 12:00,306.5143333
03/07/2017 15:00,307.4426667
03/07/2017 18:00,305.7635
03/07/2017 21:00,300.8961667
04/07/2017 00:00,298.7961667
04/07/2017 03:00,297.394
04/07/2017 06:00,299.0333333
04/07/2017 09:00,303.2843333
04/07/2017 12:00,306.168
04/07/2017 15:00,307.7491667
04/07/2017 18:00,306.31
04/07/2017 21:00,301.2978333
05/07/2017 00:00,300.3703333
05/07/2017 03:00,298.3286667
05/07/2017 06:00,301.6715
05/07/2017 09:00,306.6053333
05/07/2017 12:00,308.7231667
05/07/2017 15:00,309.5233333
05/07/2017 18:00,308.1173333
05/07/2017 21:00,302.1208333
06/07/2017 00:00,301.9591667
06/07/2017 03:00,298.7931667
06/07/2017 06:00,300.8775
06/07/2017 09:00,305.5115
06/07/2017 12:00,307.9366667
06/07/2017 15:00,309.1561667
06/07/2017 18:00,306.8946667
06/07/2017 21:00,302.085
07/07/2017 00:00,301.0456667
07/07/2017 03:00,300.1358333
07/07/2017 06:00,300.3715
07/07/2017 09:00,306.5125
07/07/2017 12:00,308.448
07/07/2017 15:00,309.1855
07/07/2017 18:00,307.484
07/07/2017 21:00,302.6363333
08/07/2017 00:00,302.5741667
08/07/2017 03:00,300.8135
08/07/2017 06:00,302.0263333
08/07/2017 09:00,306.2013333
08/07/2017 12:00,308.508
08/07/2017 15:00,310.2296667
08/07/2017 18:00,306.3665
08/07/2017 21:00,302.7086667
09/07/2017 00:00,305.3646667
09/07/2017 03:00,301.8575
09/07/2017 06:00,301.9455
09/07/2017 09:00,306.7455
09/07/2017 12:00,308.7333333
09/07/2017 15:00,310.0753333
09/07/2017 18:00,307.1218333
09/07/2017 21:00,304.0693333
10/07/2017 00:00,304.8663333
10/07/2017 03:00,302.3173333
10/07/2017 06:00,302.282
10/07/2017 09:00,307.0898333
10/07/2017 12:00,309.2306667
10/07/2017 15:00,310.0036667
10/07/2017 18:00,308.2476667
10/07/2017 21:00,304.2331667
11/07/2017 00:00,304.0455
11/07/2017 03:00,302.369
11/07/2017 06:00,302.8198333
11/07/2017 09:00,305.3286667
11/07/2017 12:00,307.9403333
11/07/2017 15:00,309.9035
11/07/2017 18:00,306.2158333
11/07/2017 21:00,304.0945
12/07/2017 00:00,300.8653333
12/07/2017 03:00,297.8333333
12/07/2017 06:00,298.8483333
12/07/2017 09:00,301.6676667
12/07/2017 12:00,303.7048333
12/07/2017 15:00,305.0181667
12/07/2017 18:00,302.4716667
12/07/2017 21:00,297.8525
13/07/2017 00:00,296.9056667
13/07/2017 03:00,291.9675
13/07/2017 06:00,289.3751667
13/07/2017 09:00,294.8985
13/07/2017 12:00,
13/07/2017 15:00,
13/07/2017 18:00,
13/07/2017 21:00,
14/07/2017 00:00,
14/07/2017 03:00,
14/07/2017 06:00,
14/07/2017 09:00,
14/07/2017 12:00,
14/07/2017 15:00,
14/07/2017 18:00,
14/07/2017 21:00,
15/07/2017 00:00,
15/07/2017 03:00,
15/07/2017 06:00,
15/07/2017 09:00,301.516
15/07/2017 12:00,303.5266667
15/07/2017 15:00,305.5961667
15/07/2017 18:00,303.3696667
15/07/2017 21:00,300.56
16/07/2017 00:00,299.0635
16/07/2017 03:00,296.9085
16/07/2017 06:00,298.1278333
16/07/2017 09:00,303.6436667
16/07/2017 12:00,305.5833333
16/07/2017 15:00,306.9741667
16/07/2017 18:00,305.0793333
16/07/2017 21:00,302.0843333
17/07/2017 00:00,299.7933333
17/07/2017 03:00,297.5651667
17/07/2017 06:00,297.4606667
17/07/2017 09:00,301.0168333
17/07/2017 12:00,304.4913333
17/07/2017 15:00,306.3653333
17/07/2017 18:00,303.4235
17/07/2017 21:00,300.3303333
18/07/2017 00:00,298.8635
18/07/2017 03:00,296.6865
18/07/2017 06:00,297.7553333
18/07/2017 09:00,300.55
18/07/2017 12:00,303.439
18/07/2017 15:00,306.0123333
18/07/2017 18:00,304.7316667
18/07/2017 21:00,299.9685
19/07/2017 00:00,
19/07/2017 03:00,
19/07/2017 06:00,
19/07/2017 09:00,301.3696667
19/07/2017 12:00,304.596
19/07/2017 15:00,
19/07/2017 18:00,
19/07/2017 21:00,
20/07/2017 00:00,
20/07/2017 03:00,
20/07/2017 06:00,
20/07/2017 09:00,
20/07/2017 12:00,
20/07/2017 15:00,
20/07/2017 18:00,
20/07/2017 21:00,
21/07/2017 00:00,
21/07/2017 03:00,
21/07/2017 06:00,
21/07/2017 09:00,
21/07/2017 12:00,
21/07/2017 15:00,
21/07/2017 18:00,
21/07/2017 21:00,
22/07/2017 00:00,
22/07/2017 03:00,
22/07/2017 06:00,
22/07/2017 09:00,
22/07/2017 12:00,
22/07/2017 15:00,
22/07/2017 18:00,
22/07/2017 21:00,
23/07/2017 00:00,
23/07/2017 03:00,
23/07/2017 06:00,
23/07/2017 09:00,
23/07/2017 12:00,
23/07/2017 15:00,
23/07/2017 18:00,
23/07/2017 21:00,
24/07/2017 00:00,
24/07/2017 03:00,
24/07/2017 06:00,
24/07/2017 09:00,
24/07/2017 12:00,
24/07/2017 15:00,
24/07/2017 18:00,
24/07/2017 21:00,
25/07/2017 00:00,
25/07/2017 03:00,
25/07/2017 06:00,
25/07/2017 09:00,305.0355
25/07/2017 12:00,307.001
25/07/2017 15:00,308.0388333
25/07/2017 18:00,305.5581667
25/07/2017 21:00,301.5193333
26/07/2017 00:00,301.349
26/07/2017 03:00,299.1041667
26/07/2017 06:00,301.0525
26/07/2017 09:00,306.0916667
26/07/2017 12:00,307.78
26/07/2017 15:00,308.9051667
26/07/2017 18:00,306.5053333
26/07/2017 21:00,302.1203333
27/07/2017 00:00,300.2468333
27/07/2017 03:00,299.1713333
27/07/2017 06:00,300.6618333
27/07/2017 09:00,306.4263333
27/07/2017 12:00,308.1411667
27/07/2017 15:00,309.2088333
27/07/2017 18:00,307.2655
27/07/2017 21:00,302.9798333
28/07/2017 00:00,301.0216667
28/07/2017 03:00,298.7941667
28/07/2017 06:00,299.4391667
28/07/2017 09:00,306.8418333
28/07/2017 12:00,308.8618333
28/07/2017 15:00,309.7645
28/07/2017 18:00,307.2813333
28/07/2017 21:00,303.5693333
29/07/2017 00:00,302.2973333
29/07/2017 03:00,301.0125
29/07/2017 06:00,302.3166667
29/07/2017 09:00,307.1183333
29/07/2017 12:00,309.4923333
29/07/2017 15:00,311.0326667
29/07/2017 18:00,307.8361667
29/07/2017 21:00,305.9691667
30/07/2017 00:00,303.9081667
30/07/2017 03:00,300.9456667
30/07/2017 06:00,301.6443333
30/07/2017 09:00,304.9901667
30/07/2017 12:00,306.7875
30/07/2017 15:00,307.3366667
30/07/2017 18:00,305.5188333
30/07/2017 21:00,301.5721667
31/07/2017 00:00,299.1783333
31/07/2017 03:00,297.584
31/07/2017 06:00,300.3116667
31/07/2017 09:00,302.664
31/07/2017 12:00,305.9770833
31/07/2017 15:00,
31/07/2017 18:00,
31/07/2017 21:00,
01/08/2017 00:00,
01/08/2017 03:00,
01/08/2017 06:00,
01/08/2017 09:00,302.6076667
01/08/2017 12:00,304.2205
01/08/2017 15:00,305.5528333
01/08/2017 18:00,304.1955
01/08/2017 21:00,300.6625
02/08/2017 00:00,297.9236667
02/08/2017 03:00,296.2318333
02/08/2017 06:00,
02/08/2017 09:00,
02/08/2017 12:00,
02/08/2017 15:00,
02/08/2017 18:00,
02/08/2017 21:00,
03/08/2017 00:00,
03/08/2017 03:00,
03/08/2017 06:00,
03/08/2017 09:00,
03/08/2017 12:00,
03/08/2017 15:00,
03/08/2017 18:00,
03/08/2017 21:00,
04/08/2017 00:00,
04/08/2017 03:00,
04/08/2017 06:00,
04/08/2017 09:00,290.7615517
04/08/2017 12:00,293.1395
04/08/2017 15:00,294.4508333
04/08/2017 18:00,
04/08/2017 21:00,
05/08/2017 00:00,
05/08/2017 03:00,
05/08/2017 06:00,
05/08/2017 09:00,
05/08/2017 12:00,
05/08/2017 15:00,
05/08/2017 18:00,
05/08/2017 21:00,
06/08/2017 00:00,
06/08/2017 03:00,
06/08/2017 06:00,
06/08/2017 09:00,303.7323333
06/08/2017 12:00,305.7908333
06/08/2017 15:00,307.612
06/08/2017 18:00,305.978
06/08/2017 21:00,300.7503333
07/08/2017 00:00,300.2235
07/08/2017 03:00,297.2311667
07/08/2017 06:00,299.0763333
07/08/2017 09:00,302.1943333
07/08/2017 12:00,305.0275
07/08/2017 15:00,306.375
07/08/2017 18:00,304.7575
07/08/2017 21:00,300.4168333
08/08/2017 00:00,299.0071667
08/08/2017 03:00,296.5676667
08/08/2017 06:00,298.8183333
08/08/2017 09:00,303.2925
08/08/2017 12:00,305.8526667
08/08/2017 15:00,307.2305
08/08/2017 18:00,305.6238333
08/08/2017 21:00,300.908
09/08/2017 00:00,300.7136667
09/08/2017 03:00,298.1953333
09/08/2017 06:00,300.5156667
09/08/2017 09:00,304.2476667
09/08/2017 12:00,306.5041667
09/08/2017 15:00,307.6041667
09/08/2017 18:00,305.9188333
09/08/2017 21:00,300.8405
10/08/2017 00:00,300.0796667
10/08/2017 03:00,299.0261667
10/08/2017 06:00,298.442
10/08/2017 09:00,301.9476667
10/08/2017 12:00,305.5001667
10/08/2017 15:00,305.9973333
10/08/2017 18:00,303.5341667
10/08/2017 21:00,300.9846667
11/08/2017 00:00,297.4955
11/08/2017 03:00,295.732
11/08/2017 06:00,296.2946667
11/08/2017 09:00,301.4033333
11/08/2017 12:00,303.9555
11/08/2017 15:00,304.7483333
11/08/2017 18:00,303.0086667
11/08/2017 21:00,298.7196667
12/08/2017 00:00,298.155
12/08/2017 03:00,296.6028333
12/08/2017 06:00,296.6561667
12/08/2017 09:00,300.259
12/08/2017 12:00,303.2976667
12/08/2017 15:00,305.246
12/08/2017 18:00,302.6791667
12/08/2017 21:00,300.2781667
13/08/2017 00:00,298.2641667
13/08/2017 03:00,296.7901667
13/08/2017 06:00,298.0351667
13/08/2017 09:00,301.695
13/08/2017 12:00,304.3416667
13/08/2017 15:00,305.4145
13/08/2017 18:00,302.2505
13/08/2017 21:00,300.0088333
14/08/2017 00:00,299.7456667
14/08/2017 03:00,297.7933333
14/08/2017 06:00,298.3198333
14/08/2017 09:00,303.3905
14/08/2017 12:00,305.94
14/08/2017 15:00,307.5593333
14/08/2017 18:00,305.195
14/08/2017 21:00,301.1736667
15/08/2017 00:00,299.5283333
15/08/2017 03:00,298.7388333
15/08/2017 06:00,298.6151667
15/08/2017 09:00,303.3913333
15/08/2017 12:00,306.0711667
15/08/2017 15:00,306.8473333
15/08/2017 18:00,304.708
15/08/2017 21:00,300.7801667
16/08/2017 00:00,298.6813333
16/08/2017 03:00,296.4598333
16/08/2017 06:00,297.5368333
16/08/2017 09:00,303.638
16/08/2017 12:00,305.0338333
16/08/2017 15:00,306.0133333
16/08/2017 18:00,303.8583333
16/08/2017 21:00,301.5691667
17/08/2017 00:00,298.6143333
17/08/2017 03:00,298.0768333
17/08/2017 06:00,297.1841667
17/08/2017 09:00,303.4798333
17/08/2017 12:00,305.5091667
17/08/2017 15:00,307.9465
17/08/2017 18:00,305.0463333
17/08/2017 21:00,302.8405
18/08/2017 00:00,297.6571667
18/08/2017 03:00,297.856
18/08/2017 06:00,298.3151667
18/08/2017 09:00,303.2013333
18/08/2017 12:00,306.6058333
18/08/2017 15:00,309.3563333
18/08/2017 18:00,305.7965
18/08/2017 21:00,301.5703333
19/08/2017 00:00,300.247
19/08/2017 03:00,298.503
19/08/2017 06:00,298.9805
19/08/2017 09:00,303.0276667
19/08/2017 12:00,305.2228333
19/08/2017 15:00,306.375
19/08/2017 18:00,304.5576667
19/08/2017 21:00,300.4503333
20/08/2017 00:00,299.1911667
20/08/2017 03:00,296.7596667
20/08/2017 06:00,296.683
20/08/2017 09:00,300.5586667
20/08/2017 12:00,303.9225
20/08/2017 15:00,305.0115
20/08/2017 18:00,303.1491667
20/08/2017 21:00,300.582
21/08/2017 00:00,298.592
21/08/2017 03:00,296.6993333
21/08/2017 06:00,297.8666667
21/08/2017 09:00,302.2843333
21/08/2017 12:00,304.1236667
21/08/2017 15:00,305.5053333
21/08/2017 18:00,303.592
21/08/2017 21:00,298.8928333
22/08/2017 00:00,298.4145
22/08/2017 03:00,296.203
22/08/2017 06:00,296.985
22/08/2017 09:00,302.6885185
22/08/2017 12:00,304.9376667
22/08/2017 15:00,306.3153333
22/08/2017 18:00,304.11
22/08/2017 21:00,299.5583333
23/08/2017 00:00,298.7761667
23/08/2017 03:00,297.1013333
23/08/2017 06:00,299.0466667
23/08/2017 09:00,304.2868333
23/08/2017 12:00,306.2823333
23/08/2017 15:00,307.5713333
23/08/2017 18:00,304.0175
23/08/2017 21:00,300.8708333
24/08/2017 00:00,300.0541667
24/08/2017 03:00,299.2886667
24/08/2017 06:00,298.262
24/08/2017 09:00,304.7245
24/08/2017 12:00,306.4308333
24/08/2017 15:00,308.0271667
24/08/2017 18:00,304.827
24/08/2017 21:00,301.0086667
25/08/2017 00:00,299.116
25/08/2017 03:00,296.255
25/08/2017 06:00,297.0333333
25/08/2017 09:00,301.2976667
25/08/2017 12:00,303.5975
25/08/2017 15:00,304.9803333
25/08/2017 18:00,302.2378333
25/08/2017 21:00,298.7188333
26/08/2017 00:00,297.933
26/08/2017 03:00,294.0046667
26/08/2017 06:00,294.2031667
26/08/2017 09:00,299.0236667
26/08/2017 12:00,301.6605
26/08/2017 15:00,303.3223333
26/08/2017 18:00,300.8116667
26/08/2017 21:00,296.5385
27/08/2017 00:00,295.8548333
27/08/2017 03:00,293.6215
27/08/2017 06:00,294.104
27/08/2017 09:00,298.3061667
27/08/2017 12:00,301.4105
27/08/2017 15:00,301.8806667
27/08/2017 18:00,300.0838333
27/08/2017 21:00,296.2718333
28/08/2017 00:00,295.3896667
28/08/2017 03:00,294.4678333
28/08/2017 06:00,294.6886667
28/08/2017 09:00,299.6666667
28/08/2017 12:00,301.7753333
28/08/2017 15:00,302.9666667
28/08/2017 18:00,300.6106667
28/08/2017 21:00,296.4831667
29/08/2017 00:00,295.9651667
29/08/2017 03:00,295.915
29/08/2017 06:00,296.5308333
29/08/2017 09:00,303.039
29/08/2017 12:00,304.0438333
29/08/2017 15:00,304.6876667
29/08/2017 18:00,302.1686667
29/08/2017 21:00,297.3471667
30/08/2017 00:00,297.221
30/08/2017 03:00,296.7328333
30/08/2017 06:00,296.9383333
30/08/2017 09:00,302.8663158
30/08/2017 12:00,305.7854386
30/08/2017 15:00,306.3396667
30/08/2017 18:00,302.5691667
30/08/2017 21:00,298.9248333
31/08/2017 00:00,297.9635
31/08/2017 03:00,297.4653333
31/08/2017 06:00,297.192
31/08/2017 09:00,304.021
31/08/2017 12:00,306.0376667
31/08/2017 15:00,307.4848333
31/08/2017 18:00,302.4005
31/08/2017 21:00,299.1511667
01/09/2017 00:00,297.8368333
01/09/2017 03:00,296.2055
01/09/2017 06:00,297.1116667
01/09/2017 09:00,302.545
01/09/2017 12:00,304.6461667
01/09/2017 15:00,305.8041667
01/09/2017 18:00,301.9495
01/09/2017 21:00,299.2693333
02/09/2017 00:00,298.131
02/09/2017 03:00,296.67
02/09/2017 06:00,297.4533333
02/09/2017 09:00,301.9171667
02/09/2017 12:00,303.543
02/09/2017 15:00,305.2788333
02/09/2017 18:00,301.4565
02/09/2017 21:00,298.1071667
03/09/2017 00:00,297.5875
03/09/2017 03:00,296.8826667
03/09/2017 06:00,296.7871667
03/09/2017 09:00,302.8613333
03/09/2017 12:00,304.3086667
03/09/2017 15:00,305.6811667
03/09/2017 18:00,302.1456667
03/09/2017 21:00,298.37
04/09/2017 00:00,297.9088333
04/09/2017 03:00,288.3416667
04/09/2017 06:00,297.2198333
04/09/2017 09:00,302.9758333
04/09/2017 12:00,
04/09/2017 15:00,305.219
04/09/2017 18:00,300.8096667
04/09/2017 21:00,290.3785
05/09/2017 00:00,297.6871667
05/09/2017 03:00,296.5901667
05/09/2017 06:00,297.4321667
05/09/2017 09:00,303.6165517
05/09/2017 12:00,
05/09/2017 15:00,
05/09/2017 18:00,
05/09/2017 21:00,
06/09/2017 00:00,
06/09/2017 03:00,
06/09/2017 06:00,
06/09/2017 09:00,304.5201667
06/09/2017 12:00,306.4971667
06/09/2017 15:00,306.7033333
06/09/2017 18:00,301.8115
06/09/2017 21:00,300.0598333
07/09/2017 00:00,298.9148333
07/09/2017 03:00,299.343
07/09/2017 06:00,298.7086667
07/09/2017 09:00,304.6256667
07/09/2017 12:00,307.1076667
07/09/2017 15:00,308.2608333
07/09/2017 18:00,304.478
07/09/2017 21:00,299.6973333
08/09/2017 00:00,298.6883333
08/09/2017 03:00,297.8591667
08/09/2017 06:00,298.67
08/09/2017 09:00,304.2545
08/09/2017 12:00,305.2993333
08/09/2017 15:00,306.1281667
08/09/2017 18:00,303.3143333
08/09/2017 21:00,299.5695
09/09/2017 00:00,299.1
09/09/2017 03:00,297.7561667
09/09/2017 06:00,296.9936667
09/09/2017 09:00,301.0501667
09/09/2017 12:00,303.5595
09/09/2017 15:00,304.4331667
09/09/2017 18:00,301.0321667
09/09/2017 21:00,298.4658333
10/09/2017 00:00,297.9346667
10/09/2017 03:00,297.1426667
10/09/2017 06:00,295.8795
10/09/2017 09:00,301.9065
10/09/2017 12:00,303.7341667
10/09/2017 15:00,305.3171667
10/09/2017 18:00,302.21
10/09/2017 21:00,298.694
11/09/2017 00:00,297.728
11/09/2017 03:00,297.1476667
11/09/2017 06:00,297.3893333
11/09/2017 09:00,303.2363333
11/09/2017 12:00,305.0415
11/09/2017 15:00,305.6753333
11/09/2017 18:00,301.9553333
11/09/2017 21:00,299.707
12/09/2017 00:00,298.9545
12/09/2017 03:00,297.9433333
12/09/2017 06:00,297.8878333
12/09/2017 09:00,301.148
12/09/2017 12:00,303.3628333
12/09/2017 15:00,303.986
12/09/2017 18:00,300.0473333
12/09/2017 21:00,297.8668333
13/09/2017 00:00,297.3083333
13/09/2017 03:00,294.9158333
13/09/2017 06:00,295.1015
13/09/2017 09:00,301.3176667
13/09/2017 12:00,303.015
13/09/2017 15:00,303.9008333
13/09/2017 18:00,301.0033333
13/09/2017 21:00,297.0116667
14/09/2017 00:00,296.27
14/09/2017 03:00,295.76
14/09/2017 06:00,294.7375
14/09/2017 09:00,300.845
14/09/2017 12:00,302.5418333
14/09/2017 15:00,303.2025
14/09/2017 18:00,299.615
14/09/2017 21:00,296.8075
15/09/2017 00:00,296.3758333
15/09/2017 03:00,294.1591667
15/09/2017 06:00,293.9183333
15/09/2017 09:00,299.5793333
15/09/2017 12:00,301.1623333
15/09/2017 15:00,302.3675
15/09/2017 18:00,299.1516667
15/09/2017 21:00,295.78
16/09/2017 00:00,294.6241667
16/09/2017 03:00,295.0741667
16/09/2017 06:00,295.1
16/09/2017 09:00,298.7408333
16/09/2017 12:00,301.2433333
16/09/2017 15:00,302.1141667
16/09/2017 18:00,297.8485
16/09/2017 21:00,295.0966667
17/09/2017 00:00,294.9741667
17/09/2017 03:00,294.3333333
17/09/2017 06:00,293.6493333
17/09/2017 09:00,297.9336667
17/09/2017 12:00,300.1018333
17/09/2017 15:00,300.6325
17/09/2017 18:00,297.0416667
17/09/2017 21:00,294.4908333
18/09/2017 00:00,294.7408333
18/09/2017 03:00,291.7091667
18/09/2017 06:00,291.4391667
18/09/2017 09:00,296.8753333
18/09/2017 12:00,299.094
18/09/2017 15:00,300.3816667
18/09/2017 18:00,297.5741667
18/09/2017 21:00,293.4775
19/09/2017 00:00,293.305
19/09/2017 03:00,291.6808333
19/09/2017 06:00,291.0283333
19/09/2017 09:00,297.1458333
19/09/2017 12:00,299.2675
19/09/2017 15:00,300.1966667
19/09/2017 18:00,296.2208333
19/09/2017 21:00,293.4
20/09/2017 00:00,293.1
20/09/2017 03:00,292.1616667
20/09/2017 06:00,291.635
20/09/2017 09:00,297.8698333
20/09/2017 12:00,300.1593333
20/09/2017 15:00,301.0521667
20/09/2017 18:00,297.0028333
20/09/2017 21:00,293.7598333
21/09/2017 00:00,293.7
21/09/2017 03:00,292.726
21/09/2017 06:00,292.2335
21/09/2017 09:00,298.4208333
21/09/2017 12:00,300.047
21/09/2017 15:00,301.3226667
21/09/2017 18:00,296.0213333
21/09/2017 21:00,293.895
22/09/2017 00:00,293.3725
22/09/2017 03:00,293.1366667
22/09/2017 06:00,292.4756667
22/09/2017 09:00,297.8955
22/09/2017 12:00,300.1373333
22/09/2017 15:00,301.5225
22/09/2017 18:00,296.3998333
22/09/2017 21:00,294.6916667
23/09/2017 00:00,294.3216667
23/09/2017 03:00,293.5521667
23/09/2017 06:00,294.4516667
23/09/2017 09:00,300.16
23/09/2017 12:00,302.0741667
23/09/2017 15:00,302.1931667
23/09/2017 18:00,296.7643333
23/09/2017 21:00,295.3896667
24/09/2017 00:00,295.2505
24/09/2017 03:00,294.0143333
24/09/2017 06:00,293.3838333
24/09/2017 09:00,300.1918333
24/09/2017 12:00,302.3471667
24/09/2017 15:00,302.0565
24/09/2017 18:00,297.11
24/09/2017 21:00,295.896
25/09/2017 00:00,294.1131667
25/09/2017 03:00,294.1503333
25/09/2017 06:00,294.7558333
25/09/2017 09:00,301.1441667
25/09/2017 12:00,302.2003333
25/09/2017 15:00,302.473
25/09/2017 18:00,296.965
25/09/2017 21:00,296.107
26/09/2017 00:00,295.721
26/09/2017 03:00,294.3451667
26/09/2017 06:00,292.6166667
26/09/2017 09:00,298.0361667
26/09/2017 12:00,299.0675
26/09/2017 15:00,300.0698333
26/09/2017 18:00,296.2988333
26/09/2017 21:00,293.3438333
27/09/2017 00:00,293.5558333
27/09/2017 03:00,293.0661667
27/09/2017 06:00,291.4721667
27/09/2017 09:00,297.6898333
27/09/2017 12:00,299.6138333
27/09/2017 15:00,300.1458333
27/09/2017 18:00,298.003
27/09/2017 21:00,294.6241667
28/09/2017 00:00,294.088
28/09/2017 03:00,292.1736667
28/09/2017 06:00,292.6596667
28/09/2017 09:00,297.6596667
28/09/2017 12:00,300.6771667
28/09/2017 15:00,301.8486667
28/09/2017 18:00,298.2015
28/09/2017 21:00,292.843
29/09/2017 00:00,292.2365
29/09/2017 03:00,290.9643333
29/09/2017 06:00,288.6483333
29/09/2017 09:00,293.8765
29/09/2017 12:00,295.4038333
29/09/2017 15:00,296.3821667
29/09/2017 18:00,293.377
29/09/2017 21:00,291.2735
30/09/2017 00:00,291.104
30/09/2017 03:00,289.0843333
30/09/2017 06:00,288.0456667
30/09/2017 09:00,292.7433333
30/09/2017 12:00,295.189
30/09/2017 15:00,296.3563333
30/09/2017 18:00,294.1678333
30/09/2017 21:00,293.8753333
01/10/2017 00:00,292.1228333
01/10/2017 03:00,292.1868333
01/10/2017 06:00,291.1091667
01/10/2017 09:00,296.7808333
01/10/2017 12:00,299.5408333
01/10/2017 15:00,300.9303333
01/10/2017 18:00,295.9645
01/10/2017 21:00,293.871
02/10/2017 00:00,293.0496667
02/10/2017 03:00,291.9571667
02/10/2017 06:00,290.7685
02/10/2017 09:00,298.5343333
02/10/2017 12:00,299.4921667
02/10/2017 15:00,301.2893333
02/10/2017 18:00,297.6423333
02/10/2017 21:00,293.3458333
03/10/2017 00:00,295.9165
03/10/2017 03:00,290.5375
03/10/2017 06:00,288.3691667
03/10/2017 09:00,292.8006667
03/10/2017 12:00,296.683
03/10/2017 15:00,296.4863333
03/10/2017 18:00,294.5111667
03/10/2017 21:00,290.9771667
04/10/2017 00:00,289.0621667
04/10/2017 03:00,286.5615
04/10/2017 06:00,286.234
04/10/2017 09:00,292.0598333
04/10/2017 12:00,290.7246667
04/10/2017 15:00,291.6555
04/10/2017 18:00,289.7073333
04/10/2017 21:00,287.307
05/10/2017 00:00,287.3041667
05/10/2017 03:00,286.377
05/10/2017 06:00,284.7741667
05/10/2017 09:00,284.867
05/10/2017 12:00,285.7656667
05/10/2017 15:00,287.3671667
05/10/2017 18:00,285.5945
05/10/2017 21:00,284.9775
06/10/2017 00:00,284.769
06/10/2017 03:00,283.0526667
06/10/2017 06:00,283.9496667
06/10/2017 09:00,287.8833333
06/10/2017 12:00,290.7191667
06/10/2017 15:00,291.8535
06/10/2017 18:00,289.2785
06/10/2017 21:00,286.2901667
07/10/2017 00:00,285.1498333
07/10/2017 03:00,285.5478333
07/10/2017 06:00,284.7576667
07/10/2017 09:00,290.7661667
07/10/2017 12:00,293.6111667
07/10/2017 15:00,294.82
07/10/2017 18:00,292.4433333
07/10/2017 21:00,290.1761667
08/10/2017 00:00,289.5493333
08/10/2017 03:00,287.4481667
08/10/2017 06:00,287.7978333
08/10/2017 09:00,293.6625
08/10/2017 12:00,296.3195
08/10/2017 15:00,297.2763333
08/10/2017 18:00,292.8595
08/10/2017 21:00,291.1125
09/10/2017 00:00,290.6683333
09/10/2017 03:00,290.1815
09/10/2017 06:00,290.3528333
09/10/2017 09:00,296.3383333
09/10/2017 12:00,297.9405
09/10/2017 15:00,298.1365
09/10/2017 18:00,294.5041667
09/10/2017 21:00,292.2866667
10/10/2017 00:00,290.7728333
10/10/2017 03:00,289.4631667
10/10/2017 06:00,289.888
10/10/2017 09:00,296.8203333
10/10/2017 12:00,298.916
10/10/2017 15:00,299.3366667
10/10/2017 18:00,295.2136667
10/10/2017 21:00,292.7815
11/10/2017 00:00,291.5588333
11/10/2017 03:00,291.3155
11/10/2017 06:00,291.1188333
11/10/2017 09:00,297.6656667
11/10/2017 12:00,298.9015
11/10/2017 15:00,299.571
11/10/2017 18:00,294.8313333
11/10/2017 21:00,293.9805
12/10/2017 00:00,294.4565
12/10/2017 03:00,292.2723333
12/10/2017 06:00,292.549
12/10/2017 09:00,297.6756667
12/10/2017 12:00,298.1205
12/10/2017 15:00,298.3495
12/10/2017 18:00,292.4458333
12/10/2017 21:00,291.8841667
13/10/2017 00:00,289.9526667
13/10/2017 03:00,289.8328333
13/10/2017 06:00,288.9328333
13/10/2017 09:00,294.8391667
13/10/2017 12:00,296.5643333
13/10/2017 15:00,297.1473333
13/10/2017 18:00,293.7761667
13/10/2017 21:00,289.8905
14/10/2017 00:00,286.4881667
14/10/2017 03:00,287.037
14/10/2017 06:00,286.0973333
14/10/2017 09:00,291.3846667
14/10/2017 12:00,293.4538333
14/10/2017 15:00,294.0606667
14/10/2017 18:00,290.3155
14/10/2017 21:00,288.3865
15/10/2017 00:00,288.082
15/10/2017 03:00,287.7703333
15/10/2017 06:00,286.7433333
15/10/2017 09:00,293.66
15/10/2017 12:00,296.0295
15/10/2017 15:00,296.474
15/10/2017 18:00,292.8448333
15/10/2017 21:00,293.3353333
16/10/2017 00:00,291.0685
16/10/2017 03:00,288.1431667
16/10/2017 06:00,287.0363333
16/10/2017 09:00,293.8108333
16/10/2017 12:00,295.8688333
16/10/2017 15:00,296.4465
16/10/2017 18:00,293.199
16/10/2017 21:00,289.9996667
17/10/2017 00:00,291.6885
17/10/2017 03:00,288.9511667
17/10/2017 06:00,286.946
17/10/2017 09:00,289.617
17/10/2017 12:00,292.8305
17/10/2017 15:00,291.7821667
17/10/2017 18:00,288.8533333
17/10/2017 21:00,285.6623333
18/10/2017 00:00,283.634
18/10/2017 03:00,284.8263333
18/10/2017 06:00,280.9925
18/10/2017 09:00,285.9446667
18/10/2017 12:00,289.1596667
18/10/2017 15:00,289.5888333
18/10/2017 18:00,286.8495
18/10/2017 21:00,284.0468333
19/10/2017 00:00,284.833
19/10/2017 03:00,283.5051667
19/10/2017 06:00,282.7826667
19/10/2017 09:00,287.5803333
19/10/2017 12:00,290.4891667
19/10/2017 15:00,290.991
19/10/2017 18:00,287.4021667
19/10/2017 21:00,285.0468333
20/10/2017 00:00,284.4368333
20/10/2017 03:00,283.863
20/10/2017 06:00,283.5138333
20/10/2017 09:00,290.1115
20/10/2017 12:00,292.2796667
20/10/2017 15:00,293.1935
20/10/2017 18:00,290.1205
20/10/2017 21:00,287.2718333
21/10/2017 00:00,286.2431667
21/10/2017 03:00,284.3923333
21/10/2017 06:00,283.7825
21/10/2017 09:00,290.8628333
21/10/2017 12:00,
21/10/2017 15:00,
21/10/2017 18:00,
21/10/2017 21:00,
22/10/2017 00:00,
22/10/2017 03:00,
22/10/2017 06:00,
22/10/2017 09:00,291.21375
22/10/2017 12:00,
22/10/2017 15:00,293.3095
22/10/2017 18:00,
22/10/2017 21:00,
23/10/2017 00:00,
23/10/2017 03:00,
23/10/2017 06:00,
23/10/2017 09:00,291.3396667
23/10/2017 12:00,293.9255
23/10/2017 15:00,294.4966667
23/10/2017 18:00,288.8788333
23/10/2017 21:00,288.4083333
24/10/2017 00:00,288.1031667
24/10/2017 03:00,286.333
24/10/2017 06:00,286.7245
24/10/2017 09:00,292.6526667
24/10/2017 12:00,
24/10/2017 15:00,
24/10/2017 18:00,
24/10/2017 21:00,
25/10/2017 00:00,
25/10/2017 03:00,
25/10/2017 06:00,
25/10/2017 09:00,294.1641667
25/10/2017 12:00,
25/10/2017 15:00,296.7118333
25/10/2017 18:00,292.6225
25/10/2017 21:00,289.5215
26/10/2017 00:00,288.7116667
26/10/2017 03:00,289.436
26/10/2017 06:00,289.77
26/10/2017 09:00,295.1705
26/10/2017 12:00,297.0435
26/10/2017 15:00,297.8088333
26/10/2017 18:00,292.2586667
26/10/2017 21:00,292.403
27/10/2017 00:00,291.5475
27/10/2017 03:00,291.6383333
27/10/2017 06:00,
27/10/2017 09:00,
27/10/2017 12:00,
27/10/2017 15:00,
27/10/2017 18:00,
27/10/2017 21:00,
28/10/2017 00:00,
28/10/2017 03:00,
28/10/2017 06:00,
28/10/2017 09:00,
28/10/2017 12:00,
28/10/2017 15:00,
28/10/2017 18:00,
28/10/2017 21:00,
29/10/2017 00:00,
29/10/2017 03:00,
29/10/2017 06:00,
29/10/2017 09:00,296.2716667
29/10/2017 12:00,298.59
29/10/2017 15:00,299.2675
29/10/2017 18:00,
29/10/2017 21:00,
30/10/2017 00:00,
30/10/2017 03:00,
30/10/2017 06:00,
30/10/2017 09:00,296.383
30/10/2017 12:00,296.7657778
30/10/2017 15:00,297.1031667
30/10/2017 18:00,294.9378333
30/10/2017 21:00,293.8068333
31/10/2017 00:00,293.3855
31/10/2017 03:00,290.7045
31/10/2017 06:00,289.3871667
31/10/2017 09:00,294.8246667
31/10/2017 12:00,297.0645
31/10/2017 15:00,297.1526667
31/10/2017 18:00,292.5195
31/10/2017 21:00,290.8756667
01/11/2017 00:00,290.5161667
01/11/2017 03:00,288.646
01/11/2017 06:00,287.42
01/11/2017 09:00,293.0428333
01/11/2017 12:00,294.8335
01/11/2017 15:00,295.4993333
01/11/2017 18:00,291.1776667
01/11/2017 21:00,288.934
02/11/2017 00:00,288.1653333
02/11/2017 03:00,287.71
02/11/2017 06:00,287.1508333
02/11/2017 09:00,292.0706667
02/11/2017 12:00,293.4521667
02/11/2017 15:00,293.5085
02/11/2017 18:00,290.936
02/11/2017 21:00,290.7166667
03/11/2017 00:00,288.3673333
03/11/2017 03:00,288.2968333
03/11/2017 06:00,288.5166667
03/11/2017 09:00,289.1046667
03/11/2017 12:00,291.1448333
03/11/2017 15:00,293.3061667
03/11/2017 18:00,290.9371667
03/11/2017 21:00,289.1978333
04/11/2017 00:00,289.127
04/11/2017 03:00,289.0853333
04/11/2017 06:00,288.004
04/11/2017 09:00,290.5103333
04/11/2017 12:00,292.494
04/11/2017 15:00,292.9075
04/11/2017 18:00,290.4841667
04/11/2017 21:00,289.057
05/11/2017 00:00,288.854
05/11/2017 03:00,285.8383333
05/11/2017 06:00,286.0878333
05/11/2017 09:00,289.6315
05/11/2017 12:00,293.02
05/11/2017 15:00,293.8525
05/11/2017 18:00,289.639
05/11/2017 21:00,
06/11/2017 00:00,
06/11/2017 03:00,
06/11/2017 06:00,
06/11/2017 09:00,292.0751667
06/11/2017 12:00,293.3891667
06/11/2017 15:00,293.6576667
06/11/2017 18:00,290.3193333
06/11/2017 21:00,288.7683333
07/11/2017 00:00,288.2156667
07/11/2017 03:00,288.1383333
07/11/2017 06:00,288.2541667
07/11/2017 09:00,293.1423333
07/11/2017 12:00,295.0455
07/11/2017 15:00,294.8868333
07/11/2017 18:00,290.33
07/11/2017 21:00,289.3933333
08/11/2017 00:00,288.2325
08/11/2017 03:00,288.1736667
08/11/2017 06:00,288.1708333
08/11/2017 09:00,292.9716667
08/11/2017 12:00,294.6708333
08/11/2017 15:00,294.388
08/11/2017 18:00,290.1608333
08/11/2017 21:00,289.2638333
09/11/2017 00:00,288.8211667
09/11/2017 03:00,288.7141667
09/11/2017 06:00,287.5508333
09/11/2017 09:00,293.4276667
09/11/2017 12:00,294.87
09/11/2017 15:00,294.1516667
09/11/2017 18:00,289.46
09/11/2017 21:00,288.7816667
10/11/2017 00:00,289.3805
10/11/2017 03:00,287.9925
10/11/2017 06:00,288.2441667
10/11/2017 09:00,292.1116667
10/11/2017 12:00,293.622
10/11/2017 15:00,292.57
10/11/2017 18:00,288.5425
10/11/2017 21:00,289.1735
11/11/2017 00:00,288.825
11/11/2017 03:00,287.2533333
11/11/2017 06:00,287.305
11/11/2017 09:00,290.2881667
11/11/2017 12:00,291.1726667
11/11/2017 15:00,290.2125
11/11/2017 18:00,287.0941667
11/11/2017 21:00,286.7556667
12/11/2017 00:00,285.065
12/11/2017 03:00,285.1401667
12/11/2017 06:00,283.5856667
12/11/2017 09:00,289.0331667
12/11/2017 12:00,291.3166667
12/11/2017 15:00,289.935
12/11/2017 18:00,285.3725
12/11/2017 21:00,285.4246667
13/11/2017 00:00,283.035
13/11/2017 03:00,281.645
13/11/2017 06:00,282.03
13/11/2017 09:00,286.7166667
13/11/2017 12:00,288.3066667
13/11/2017 15:00,288.7408333
13/11/2017 18:00,285.6858333
13/11/2017 21:00,283.6816667
14/11/2017 00:00,282.6951667
14/11/2017 03:00,282.2391667
14/11/2017 06:00,281.9183333
14/11/2017 09:00,286.4871667
14/11/2017 12:00,288.2808333
14/11/2017 15:00,288.4356667
14/11/2017 18:00,285.363
14/11/2017 21:00,282.8613333
15/11/2017 00:00,282.1991667
15/11/2017 03:00,281.3856667
15/11/2017 06:00,280.9501667
15/11/2017 09:00,286.2865
15/11/2017 12:00,287.8081667
15/11/2017 15:00,288.0401667
15/11/2017 18:00,285.247
15/11/2017 21:00,282.7105
16/11/2017 00:00,282.1153333
16/11/2017 03:00,281.5198333
16/11/2017 06:00,280.9065
16/11/2017 09:00,285.1416667
16/11/2017 12:00,287.2121667
16/11/2017 15:00,287.2146667
16/11/2017 18:00,283.8365
16/11/2017 21:00,281.555
17/11/2017 00:00,280.887
17/11/2017 03:00,280.0636667
17/11/2017 06:00,279.5895
17/11/2017 09:00,285.5465
17/11/2017 12:00,287.212
17/11/2017 15:00,287.0133333
17/11/2017 18:00,283.3605
17/11/2017 21:00,281.549
18/11/2017 00:00,280.908
18/11/2017 03:00,280.8118333
18/11/2017 06:00,279.6263333
18/11/2017 09:00,285.626
18/11/2017 12:00,287.0606667
18/11/2017 15:00,287.2786667
18/11/2017 18:00,282.9741667
18/11/2017 21:00,281.4008333
19/11/2017 00:00,281.3866667
19/11/2017 03:00,281.0266667
19/11/2017 06:00,280.5753333
19/11/2017 09:00,285.1808333
19/11/2017 12:00,287.5688333
19/11/2017 15:00,286.5278333
19/11/2017 18:00,284.4183333
19/11/2017 21:00,282.429
20/11/2017 00:00,281.9176667
20/11/2017 03:00,281.0171667
20/11/2017 06:00,280.5455
20/11/2017 09:00,286.3538333
20/11/2017 12:00,288.4658333
20/11/2017 15:00,288.148
20/11/2017 18:00,284.2173333
20/11/2017 21:00,282.7546667
21/11/2017 00:00,282.8796667
21/11/2017 03:00,284.3708333
21/11/2017 06:00,284.2891667
21/11/2017 09:00,287.0621667
21/11/2017 12:00,286.8698333
21/11/2017 15:00,285.7733333
21/11/2017 18:00,284.9023333
21/11/2017 21:00,283.978
22/11/2017 00:00,285.4755
22/11/2017 03:00,282.8508333
22/11/2017 06:00,282.905
22/11/2017 09:00,285.8726667
22/11/2017 12:00,287.9521667
22/11/2017 15:00,287.4923333
22/11/2017 18:00,285.9871667
22/11/2017 21:00,285.8983333
23/11/2017 00:00,283.0655
23/11/2017 03:00,283.6391667
23/11/2017 06:00,284.0355
23/11/2017 09:00,285.5333333
23/11/2017 12:00,286.0341667
23/11/2017 15:00,285.85
23/11/2017 18:00,283.2356667
23/11/2017 21:00,281.921
24/11/2017 00:00,279.3436667
24/11/2017 03:00,279.3168333
24/11/2017 06:00,278.1975
24/11/2017 09:00,281.1756667
24/11/2017 12:00,281.99
24/11/2017 15:00,281.3821667
24/11/2017 18:00,279.76
24/11/2017 21:00,278.7461667
25/11/2017 00:00,276.6173333
25/11/2017 03:00,274.7445
25/11/2017 06:00,273.5016667
25/11/2017 09:00,277.9048333
25/11/2017 12:00,279.1976667
25/11/2017 15:00,279.7758333
25/11/2017 18:00,277.3086667
25/11/2017 21:00,276.7901667
26/11/2017 00:00,275.9153333
26/11/2017 03:00,275.5056667
26/11/2017 06:00,273.354
26/11/2017 09:00,278.0883333
26/11/2017 12:00,279.7805
26/11/2017 15:00,278.5833333
26/11/2017 18:00,277.0516667
26/11/2017 21:00,275.8006667
27/11/2017 00:00,274.8466667
27/11/2017 03:00,274.2366667
27/11/2017 06:00,274.0693333
27/11/2017 09:00,279.1171667
27/11/2017 12:00,281.6566667
27/11/2017 15:00,282.97
27/11/2017 18:00,279.9898333
27/11/2017 21:00,277.5625
28/11/2017 00:00,276.501
28/11/2017 03:00,275.8055
28/11/2017 06:00,275.5356667
28/11/2017 09:00,281.8006667
28/11/2017 12:00,283.4325
28/11/2017 15:00,285.0191667
28/11/2017 18:00,280.9995
28/11/2017 21:00,280.2043333
29/11/2017 00:00,278.2066667
29/11/2017 03:00,277.717
29/11/2017 06:00,276.8981667
29/11/2017 09:00,281.3346667
29/11/2017 12:00,283.264
29/11/2017 15:00,283.712
29/11/2017 18:00,281.4721667
29/11/2017 21:00,279.5403333
30/11/2017 00:00,278.3018333
30/11/2017 03:00,277.6208333
30/11/2017 06:00,277.2106667
30/11/2017 09:00,282.9318333
30/11/2017 12:00,284.8388333
30/11/2017 15:00,286.076
30/11/2017 18:00,283.0401667
30/11/2017 21:00,281.3695
01/12/2017 00:00,
01/12/2017 03:00,
01/12/2017 06:00,
01/12/2017 09:00,
01/12/2017 12:00,
01/12/2017 15:00,
01/12/2017 18:00,
01/12/2017 21:00,
02/12/2017 00:00,
02/12/2017 03:00,
02/12/2017 06:00,
02/12/2017 09:00,
02/12/2017 12:00,
02/12/2017 15:00,
02/12/2017 18:00,
02/12/2017 21:00,
03/12/2017 00:00,277.962
03/12/2017 03:00,277.5103333
03/12/2017 06:00,276.1546667
03/12/2017 09:00,277.5625
03/12/2017 12:00,280.3996667
03/12/2017 15:00,280.5785
03/12/2017 18:00,278.2558333
03/12/2017 21:00,277.3003333
04/12/2017 00:00,275.7155
04/12/2017 03:00,275.4046667
04/12/2017 06:00,274.657
04/12/2017 09:00,279.664
04/12/2017 12:00,281.172
04/12/2017 15:00,281.5348333
04/12/2017 18:00,277.9101667
04/12/2017 21:00,276.2655
05/12/2017 00:00,275.0111667
05/12/2017 03:00,274.42
05/12/2017 06:00,274.3003333
05/12/2017 09:00,279.1328333
05/12/2017 12:00,281.3678333
05/12/2017 15:00,281.4436667
05/12/2017 18:00,278.9901667
05/12/2017 21:00,277.6873333
06/12/2017 00:00,276.5141667
06/12/2017 03:00,276.3548333
06/12/2017 06:00,275.676
06/12/2017 09:00,278.5428333
06/12/2017 12:00,279.9171667
06/12/2017 15:00,278.3936667
06/12/2017 18:00,277.8883333
06/12/2017 21:00,277.3803333
07/12/2017 00:00,277.249
07/12/2017 03:00,276.435
07/12/2017 06:00,277.2166667
07/12/2017 09:00,280.7815
07/12/2017 12:00,283.3916667
07/12/2017 15:00,282.3411667
07/12/2017 18:00,280.8521667
07/12/2017 21:00,277.8275
08/12/2017 00:00,273.948
08/12/2017 03:00,273.8856667
08/12/2017 06:00,274.0975
08/12/2017 09:00,275.9976667
08/12/2017 12:00,280.0908333
08/12/2017 15:00,280.1693333
08/12/2017 18:00,276.3561667
08/12/2017 21:00,275.3823333
09/12/2017 00:00,274.8333333
09/12/2017 03:00,274.5143333
09/12/2017 06:00,273.48
09/12/2017 09:00,279.801
09/12/2017 12:00,281.327
09/12/2017 15:00,281.6515
09/12/2017 18:00,278.9606667
09/12/2017 21:00,276.1538333
10/12/2017 00:00,276.303
10/12/2017 03:00,275.304
10/12/2017 06:00,274.4356667
10/12/2017 09:00,279.1021667
10/12/2017 12:00,281.2478333
10/12/2017 15:00,281.528
10/12/2017 18:00,278.3918333
10/12/2017 21:00,277.8401667
11/12/2017 00:00,275.584
11/12/2017 03:00,275.2601667
11/12/2017 06:00,273.818
11/12/2017 09:00,279.5955
11/12/2017 12:00,282.2165
11/12/2017 15:00,283.4953333
11/12/2017 18:00,280.9073333
11/12/2017 21:00,277.9665
12/12/2017 00:00,277.0371667
12/12/2017 03:00,276.4425
12/12/2017 06:00,275.8893333
12/12/2017 09:00,281.7236667
12/12/2017 12:00,282.5085
12/12/2017 15:00,282.8826667
12/12/2017 18:00,279.2341667
12/12/2017 21:00,278.5706667
13/12/2017 00:00,276.3996667
13/12/2017 03:00,276.2508333
13/12/2017 06:00,275.7776667
13/12/2017 09:00,280.5748333
13/12/2017 12:00,282.2061667
13/12/2017 15:00,283.802
13/12/2017 18:00,281.1876667
13/12/2017 21:00,278.1073333
14/12/2017 00:00,276.7801667
14/12/2017 03:00,275.9376667
14/12/2017 06:00,274.4021667
14/12/2017 09:00,278.2225
14/12/2017 12:00,280.28
14/12/2017 15:00,280.421
14/12/2017 18:00,278.0876667
14/12/2017 21:00,276.6855
15/12/2017 00:00,274.7205
15/12/2017 03:00,274.4185
15/12/2017 06:00,274.0296667
15/12/2017 09:00,278.5723333
15/12/2017 12:00,281.2821667
15/12/2017 15:00,281.2031667
15/12/2017 18:00,279
15/12/2017 21:00,277.658
16/12/2017 00:00,275.7505
16/12/2017 03:00,275.4306667
16/12/2017 06:00,275.4
16/12/2017 09:00,280.3243333
16/12/2017 12:00,282.8178333
16/12/2017 15:00,283.464
16/12/2017 18:00,280.3881667
16/12/2017 21:00,277.7355
17/12/2017 00:00,276.8171667
17/12/2017 03:00,276.8691667
17/12/2017 06:00,276.1731667
17/12/2017 09:00,281.5355
17/12/2017 12:00,283.112
17/12/2017 15:00,283.9138333
17/12/2017 18:00,279.6376667
17/12/2017 21:00,278.71
18/12/2017 00:00,276.4265
18/12/2017 03:00,277.3961667
18/12/2017 06:00,276.4785
18/12/2017 09:00,281.7538333
18/12/2017 12:00,283.8276667
18/12/2017 15:00,284.116
18/12/2017 18:00,280.497
18/12/2017 21:00,278.3676667
19/12/2017 00:00,277.8045
19/12/2017 03:00,277.5821667
19/12/2017 06:00,276.6753333
19/12/2017 09:00,281.8926667
19/12/2017 12:00,284.5425
19/12/2017 15:00,286.1915
19/12/2017 18:00,281.4158333
19/12/2017 21:00,279.9098333
20/12/2017 00:00,279.89
20/12/2017 03:00,279.3238333
20/12/2017 06:00,278.6968333
20/12/2017 09:00,283.0798333
20/12/2017 12:00,285.5955
20/12/2017 15:00,285.5693333
20/12/2017 18:00,282.7035
20/12/2017 21:00,281.085
21/12/2017 00:00,280.6448333
21/12/2017 03:00,280.2831667
21/12/2017 06:00,280.6556667
21/12/2017 09:00,284.3246667
21/12/2017 12:00,286.0801667
21/12/2017 15:00,285.9461667
21/12/2017 18:00,285.6888333
21/12/2017 21:00,284.7795
22/12/2017 00:00,285.2323333
22/12/2017 03:00,282.5818333
22/12/2017 06:00,282.6031667
22/12/2017 09:00,287.352
22/12/2017 12:00,288.528
22/12/2017 15:00,287.8128333
22/12/2017 18:00,285.7858333
22/12/2017 21:00,284.5753333
23/12/2017 00:00,284.781
23/12/2017 03:00,285.7173333
23/12/2017 06:00,284.0335
23/12/2017 09:00,286.7508333
23/12/2017 12:00,287.1028333
23/12/2017 15:00,288.1346667
23/12/2017 18:00,286.3758333
23/12/2017 21:00,285.2465
24/12/2017 00:00,285.7533333
24/12/2017 03:00,285.7228333
24/12/2017 06:00,285.2873333
24/12/2017 09:00,289.0311667
24/12/2017 12:00,291.197
24/12/2017 15:00,291.7495
24/12/2017 18:00,287.389
24/12/2017 21:00,286.7935
25/12/2017 00:00,287.9458333
25/12/2017 03:00,287.243
25/12/2017 06:00,286.1031667
25/12/2017 09:00,287.747
25/12/2017 12:00,289.0805
25/12/2017 15:00,284.5995
25/12/2017 18:00,285.6615
25/12/2017 21:00,284.7596667
26/12/2017 00:00,286.8408333
26/12/2017 03:00,286.4148333
26/12/2017 06:00,283.1838333
26/12/2017 09:00,284.4351667
26/12/2017 12:00,286.7726667
26/12/2017 15:00,286.0071667
26/12/2017 18:00,284.5833333
26/12/2017 21:00,283.1986667
27/12/2017 00:00,282.402
27/12/2017 03:00,280.5415
27/12/2017 06:00,278.4375
27/12/2017 09:00,280.4528333
27/12/2017 12:00,282.2853333
27/12/2017 15:00,283.2273333
27/12/2017 18:00,280.7955
27/12/2017 21:00,278.7733333
28/12/2017 00:00,277.7285
28/12/2017 03:00,276.3091667
28/12/2017 06:00,276.2206667
28/12/2017 09:00,281.4545
28/12/2017 12:00,283.7588333
28/12/2017 15:00,283.7958333
28/12/2017 18:00,280.5806667
28/12/2017 21:00,278.042
29/12/2017 00:00,277.5528333
29/12/2017 03:00,276.7941667
29/12/2017 06:00,276.8278333
29/12/2017 09:00,281.463
29/12/2017 12:00,283.8721667
29/12/2017 15:00,285.0346667
29/12/2017 18:00,282.0591667
29/12/2017 21:00,279.3571667
30/12/2017 00:00,278.7623333
30/12/2017 03:00,278.0661667
30/12/2017 06:00,277.4938333
30/12/2017 09:00,283.007
30/12/2017 12:00,284.959
30/12/2017 15:00,285.8281667
30/12/2017 18:00,281.9191667
30/12/2017 21:00,279.4678333
31/12/2017 00:00,278.4501667
31/12/2017 03:00,279.7485
31/12/2017 06:00,278.663
31/12/2017 09:00,284.8728333
31/12/2017 12:00,287.0533333
31/12/2017 15:00,287.4258333
31/12/2017 18:00,283.32
31/12/2017 21:00,280.333